Project_ID,Project_counties,Is_TIA_project,Project_description,Last_refresh,Project_URL,data_refreshed,feature_id
M006693,Gwinnett,No,SR 141 From Dekalb County Line To Fulton County Line,1740995725000,https://www.dot.ga.gov/applications/geopi/Pages/Dashboard.aspx?ProjectId=M006693,2025-03-03,6
M006699,Clayton,No,SR 138 From Fulton County Line To North Ave,1740995725000,https://www.dot.ga.gov/applications/geopi/Pages/Dashboard.aspx?ProjectId=M006699,2025-03-03,12
M006701,Cobb,No,I-75 From I-285 To N Of Hickory Grove Road - Express Lanes,1740995725000,https://www.dot.ga.gov/applications/geopi/Pages/Dashboard.aspx?ProjectId=M006701,2025-03-03,14
M006706,Cobb,No,I-75 Nb Noise Walls @ 6 Locs In Cobb County,1740995725000,https://www.dot.ga.gov/applications/geopi/Pages/Dashboard.aspx?ProjectId=M006706,2025-03-03,18
M006707,Cobb,No,I-75 Nb Noise Walls @ 7 Locs In Cobb County,1740995725000,https://www.dot.ga.gov/applications/geopi/Pages/Dashboard.aspx?ProjectId=M006707,2025-03-03,19
M006708,Cobb,No,I-75 Nb Noise Walls @ 9 Locs In Cobb County,1740995725000,https://www.dot.ga.gov/applications/geopi/Pages/Dashboard.aspx?ProjectId=M006708,2025-03-03,20
M006713,Cobb,No,I-75 Nb Noise Walls @ 9 Locs N Of Bells Ferry RD In Cobb Co,1740995725000,https://www.dot.ga.gov/applications/geopi/Pages/Dashboard.aspx?ProjectId=M006713,2025-03-03,24
M006714,Cobb,No,I-75 Nb Noise Walls @ 6 Locs N Of Wade Green Road In Cobb Co,1740995725000,https://www.dot.ga.gov/applications/geopi/Pages/Dashboard.aspx?ProjectId=M006714,2025-03-03,25
0013628,"Newton , Rockdale",No,SR 162 - Widen & Recon,1740995725000,https://www.dot.ga.gov/applications/geopi/Pages/Dashboard.aspx?ProjectId=0013628,2025-03-03,33
0013708,Cherokee,No,SR 20 From I-575 To SR 369,1740995725000,https://www.dot.ga.gov/applications/geopi/Pages/Dashboard.aspx?ProjectId=0013708,2025-03-03,43
0013733,Douglas,No,SR 5/US 78 @ SR 6/US 278,1740995725000,https://www.dot.ga.gov/applications/geopi/Pages/Dashboard.aspx?ProjectId=0013733,2025-03-03,46
0001815,Gwinnett,No,CR 494/Rock Bridge Road Grade Separation @ CSX Rr,1740995725000,https://www.dot.ga.gov/applications/geopi/Pages/Dashboard.aspx?ProjectId=0001815,2025-03-03,48
0000414,"Newton , Rockdale , Walton",No,SR 138 From Miller Bottom RD To SR 10/US 78,1740995725000,https://www.dot.ga.gov/applications/geopi/Pages/Dashboard.aspx?ProjectId=0000414,2025-03-03,60
0000416,"Rockdale , Walton",No,SR 20 From Sharon Church RD/Walton To Pleasant Hill RD/Rockdle,1740995725000,https://www.dot.ga.gov/applications/geopi/Pages/Dashboard.aspx?ProjectId=0000416,2025-03-03,62
0000562,Henry,No,CR 650/Bill Gardner Pkwy From SR 155 To I-75 - Phase I,1740995725000,https://www.dot.ga.gov/applications/geopi/Pages/Dashboard.aspx?ProjectId=0000562,2025-03-03,67
0002393,Gwinnett,No,SR 13 From Sugarloaf Pkwy To SR 20 In Buford,1740995725000,https://www.dot.ga.gov/applications/geopi/Pages/Dashboard.aspx?ProjectId=0002393,2025-03-03,91
0002525,Cherokee,No,SR 372 Spur From SR 5Bu@ Howell Br RD To SR 372 So/Ball Ground,1740995725000,https://www.dot.ga.gov/applications/geopi/Pages/Dashboard.aspx?ProjectId=0002525,2025-03-03,92
0002862,"Cherokee , Forsyth",No,SR 20 From SR 369/Cherokee To Post Road/Forsyth,1740995725000,https://www.dot.ga.gov/applications/geopi/Pages/Dashboard.aspx?ProjectId=0002862,2025-03-03,93
0002868,DeKalb,No,Panola RD @ I-20 From Fairington RD To Snapfinger Woods Dr,1740995725000,https://www.dot.ga.gov/applications/geopi/Pages/Dashboard.aspx?ProjectId=0002868,2025-03-03,98
0004451,DeKalb,No,CR 1285/Clifton Road @ CSX/Rr,1740995725000,https://www.dot.ga.gov/applications/geopi/Pages/Dashboard.aspx?ProjectId=0004451,2025-03-03,115
0004497,Cherokee,No,Woodstock Greenway,1740995725000,https://www.dot.ga.gov/applications/geopi/Pages/Dashboard.aspx?ProjectId=0004497,2025-03-03,116
0006036,"Bartow , Cherokee",No,SR 140 From E Valley RD/Bartow To Garland Mountain Trail/Cherokee,1740995725000,https://www.dot.ga.gov/applications/geopi/Pages/Dashboard.aspx?ProjectId=0006036,2025-03-03,122
0006037,Cherokee,No,SR 140 From Little Refuge RD To Shoal Creek,1740995725000,https://www.dot.ga.gov/applications/geopi/Pages/Dashboard.aspx?ProjectId=0006037,2025-03-03,123
0006038,Cherokee,No,CR 777/Arnold Mill RD From Park Ave To Hickory Flat Hwy,1740995725000,https://www.dot.ga.gov/applications/geopi/Pages/Dashboard.aspx?ProjectId=0006038,2025-03-03,124
0006039,Cherokee,No,Bells Ferry RD From North Of Sixes RD To SR 20/Knox Hwy,1740995725000,https://www.dot.ga.gov/applications/geopi/Pages/Dashboard.aspx?ProjectId=0006039,2025-03-03,125
0006042,Cherokee,No,Hickory Flat Road Ext From Marietta To Waleska St,1740995725000,https://www.dot.ga.gov/applications/geopi/Pages/Dashboard.aspx?ProjectId=0006042,2025-03-03,126
0006047,Cobb,No,SR 3/US 41/Cobb Parkway @ Windy Hill Road,1740995725000,https://www.dot.ga.gov/applications/geopi/Pages/Dashboard.aspx?ProjectId=0006047,2025-03-03,127
0006078,"Newton , Rockdale",No,Old Salem RD From Flat Shoals RD/Rockdale To SR 162/Newton,1740995725000,https://www.dot.ga.gov/applications/geopi/Pages/Dashboard.aspx?ProjectId=0006078,2025-03-03,131
0005529,DeKalb,No,Its Enhancement - Phase I,1740995725000,https://www.dot.ga.gov/applications/geopi/Pages/Dashboard.aspx?ProjectId=0005529,2025-03-03,169
0005569,DeKalb,No,Its Enhancement - Phase II,1740995725000,https://www.dot.ga.gov/applications/geopi/Pages/Dashboard.aspx?ProjectId=0005569,2025-03-03,170
0005970,Cherokee,No,SR 372/Ballground RD From Canton Hwy To Cumming Hwy,1740995725000,https://www.dot.ga.gov/applications/geopi/Pages/Dashboard.aspx?ProjectId=0005970,2025-03-03,175
0006937,Gwinnett,No,SR 316/US 29 From CR 186/Cedars RD To CR 238/Drowning Creek RD,1740995725000,https://www.dot.ga.gov/applications/geopi/Pages/Dashboard.aspx?ProjectId=0006937,2025-03-03,177
0006317,Henry,No,CR 650/Hampton-Locust Grove RD @ Towaliga River,1740995725000,https://www.dot.ga.gov/applications/geopi/Pages/Dashboard.aspx?ProjectId=0006317,2025-03-03,185
0006697,Rockdale,No,Georgia Veterans Memorial Park In Rockdale,1740995725000,https://www.dot.ga.gov/applications/geopi/Pages/Dashboard.aspx?ProjectId=0006697,2025-03-03,192
0006811,DeKalb,No,Ashford Dunwoody Road Sidewalk & Bike Lane,1740995725000,https://www.dot.ga.gov/applications/geopi/Pages/Dashboard.aspx?ProjectId=0006811,2025-03-03,193
0006883,DeKalb,No,CR 4861/Hammond Dr From Ashford-Dunwoody RD To Fulton CO Ln,1740995725000,https://www.dot.ga.gov/applications/geopi/Pages/Dashboard.aspx?ProjectId=0006883,2025-03-03,195
0006888,DeKalb,No,CR 627/Hayden Quarry RD Ext From Turner Hill RD To Rockdale Co,1740995725000,https://www.dot.ga.gov/applications/geopi/Pages/Dashboard.aspx?ProjectId=0006888,2025-03-03,196
0006894,DeKalb,No,CR 5168/Panthersville RD From Clifton Sgs RD To Flat Shs RD,1740995725000,https://www.dot.ga.gov/applications/geopi/Pages/Dashboard.aspx?ProjectId=0006894,2025-03-03,197
0006895,DeKalb,No,CR 442/Columbia Dr From Rainbow Dr To SR 155/Flat Shoals RD,1740995725000,https://www.dot.ga.gov/applications/geopi/Pages/Dashboard.aspx?ProjectId=0006895,2025-03-03,198
0006896,DeKalb,No,CR 5186/Wesley Chapel RD From SR 155/Flat Shs To Kelly Chapel,1740995725000,https://www.dot.ga.gov/applications/geopi/Pages/Dashboard.aspx?ProjectId=0006896,2025-03-03,199
0006897,DeKalb,No,CR 5186/Flakes Mill RD From SR 155/Flat Shoals RD To River RD,1740995725000,https://www.dot.ga.gov/applications/geopi/Pages/Dashboard.aspx?ProjectId=0006897,2025-03-03,200
0006903,Fayette,No,W Fayetteville Bypass From Sandy Creek RD To Harp/Redwine RD,1740995725000,https://www.dot.ga.gov/applications/geopi/Pages/Dashboard.aspx?ProjectId=0006903,2025-03-03,201
0006905,Fayette,No,SR 74 @ SR 54 - Grade Separation,1740995725000,https://www.dot.ga.gov/applications/geopi/Pages/Dashboard.aspx?ProjectId=0006905,2025-03-03,202
0006915,Forsyth,No,Post Road From SR 9 To CR 5/Kelly Mill Road,1740995725000,https://www.dot.ga.gov/applications/geopi/Pages/Dashboard.aspx?ProjectId=0006915,2025-03-03,203
0006921,Gwinnett,No,SR 124 From US 78 To SR 864/Ronald Reagan Parkway,1740995725000,https://www.dot.ga.gov/applications/geopi/Pages/Dashboard.aspx?ProjectId=0006921,2025-03-03,204
0006922,Gwinnett,No,Pleasant Hill RD From Chattahoochee Rvr/Pib To Old Norcross RD,1740995725000,https://www.dot.ga.gov/applications/geopi/Pages/Dashboard.aspx?ProjectId=0006922,2025-03-03,205
0006924,Gwinnett,No,Sugarloaf Pkwy Extension From I-85 To SR 316; Inc Cd - Phase II,1740995725000,https://www.dot.ga.gov/applications/geopi/Pages/Dashboard.aspx?ProjectId=0006924,2025-03-03,206
0006931,Rockdale,No,Sigman RD Extension From Dekalb County Line To I-20,1740995725000,https://www.dot.ga.gov/applications/geopi/Pages/Dashboard.aspx?ProjectId=0006931,2025-03-03,208
0007850,Gwinnett,No,SR 20 From I-85 To CR 104/Rock Springs Road,1740995725000,https://www.dot.ga.gov/applications/geopi/Pages/Dashboard.aspx?ProjectId=0007850,2025-03-03,218
0007852,Gwinnett,No,SR 10/US 78 From SR 124/Scenic Hwy To E Of SR 84/Grayston Pkwy,1740995725000,https://www.dot.ga.gov/applications/geopi/Pages/Dashboard.aspx?ProjectId=0007852,2025-03-03,219
0007853,Gwinnett,No,SR 10/US 78 From SR 84/Scenic Hwy To Walton County Line,1740995725000,https://www.dot.ga.gov/applications/geopi/Pages/Dashboard.aspx?ProjectId=0007853,2025-03-03,220
0007854,"Henry , Newton",No,SR 20 From Mcdonough Bypass/Henry To SR 212/Newton,1740995725000,https://www.dot.ga.gov/applications/geopi/Pages/Dashboard.aspx?ProjectId=0007854,2025-03-03,221
0007855,Henry,No,SR 42 From Downtown Mcdonough To SR 138,1740995725000,https://www.dot.ga.gov/applications/geopi/Pages/Dashboard.aspx?ProjectId=0007855,2025-03-03,229
0007856,Henry,No,SR 155 From I-75 To SR 42/US 23,1740995725000,https://www.dot.ga.gov/applications/geopi/Pages/Dashboard.aspx?ProjectId=0007856,2025-03-03,230
0007857,Henry,No,SR 155 From CR 136/ Campground Road To CR 107/Kelleytown Road,1740995725000,https://www.dot.ga.gov/applications/geopi/Pages/Dashboard.aspx?ProjectId=0007857,2025-03-03,231
0007864,"Carroll , Douglas , Paulding",No,SR 61 From Punkintown RD/Carroll To Dallas Nebo RD/Paulding,1740995725000,https://www.dot.ga.gov/applications/geopi/Pages/Dashboard.aspx?ProjectId=0007864,2025-03-03,244
0007867,Rockdale,No,SR 138 From CR 8/Fairview Road To CR 434/Ebenezer Road,1740995725000,https://www.dot.ga.gov/applications/geopi/Pages/Dashboard.aspx?ProjectId=0007867,2025-03-03,262
0007869,Rockdale,No,SR 20 From CR 435/Sigman Road To CR 440/Pleasant Hill Road,1740995725000,https://www.dot.ga.gov/applications/geopi/Pages/Dashboard.aspx?ProjectId=0007869,2025-03-03,263
0008336,Henry,No,SR 155 From SR 42/US 23 To CR 376/Racetrack Road,1740995725000,https://www.dot.ga.gov/applications/geopi/Pages/Dashboard.aspx?ProjectId=0008336,2025-03-03,272
0008337,Henry,No,CR 376/Racetrack Road From SR 155 To SR 81,1740995725000,https://www.dot.ga.gov/applications/geopi/Pages/Dashboard.aspx?ProjectId=0008337,2025-03-03,273
0008338,Henry,No,SR 81 From CR 371/Bethany Road To CR 440/North Ola Road,1740995725000,https://www.dot.ga.gov/applications/geopi/Pages/Dashboard.aspx?ProjectId=0008338,2025-03-03,274
0007881,"Butts , Henry , Spalding",No,I-75 From SR 16 To CR 636/Bill Gardner Pkwy,1740995725000,https://www.dot.ga.gov/applications/geopi/Pages/Dashboard.aspx?ProjectId=0007881,2025-03-03,282
0007891,Henry,No,I-75 From CS 636/Bill Gardner Pkwy To SR 920/Jonesboro Road,1740995725000,https://www.dot.ga.gov/applications/geopi/Pages/Dashboard.aspx?ProjectId=0007891,2025-03-03,289
0007892,"Bartow , Cherokee , Cobb",No,I-75 From SR 5 Conn To CR 633/Glade Road,1740995725000,https://www.dot.ga.gov/applications/geopi/Pages/Dashboard.aspx?ProjectId=0007892,2025-03-03,290
0008704,Fayette,No,Eastern Fayette County Park & Ride - GRTA,1740995725000,https://www.dot.ga.gov/applications/geopi/Pages/Dashboard.aspx?ProjectId=0008704,2025-03-03,303
0008705,Fayette,No,Western Fayette County Park & Ride - GRTA,1740995725000,https://www.dot.ga.gov/applications/geopi/Pages/Dashboard.aspx?ProjectId=0008705,2025-03-03,304
0008706,Henry,No,Atlanta Motor Speedway Park & Ride - GRTA,1740995725000,https://www.dot.ga.gov/applications/geopi/Pages/Dashboard.aspx?ProjectId=0008706,2025-03-03,305
0008708,Douglas,No,Six Flags Park & Ride - GRTA,1740995725000,https://www.dot.ga.gov/applications/geopi/Pages/Dashboard.aspx?ProjectId=0008708,2025-03-03,306
0008709,Cobb,No,Western Cobb County Park & Ride - GRTA,1740995725000,https://www.dot.ga.gov/applications/geopi/Pages/Dashboard.aspx?ProjectId=0008709,2025-03-03,307
0008710,Cobb,No,Bells Ferry Road County Park & Ride - GRTA,1740995725000,https://www.dot.ga.gov/applications/geopi/Pages/Dashboard.aspx?ProjectId=0008710,2025-03-03,308
0008714,Gwinnett,No,Discover Mills Park & Ride - GRTA,1740995725000,https://www.dot.ga.gov/applications/geopi/Pages/Dashboard.aspx?ProjectId=0008714,2025-03-03,309
0006987,DeKalb,No,Chamblee Marta Station Improvements - LCI Project,1740995725000,https://www.dot.ga.gov/applications/geopi/Pages/Dashboard.aspx?ProjectId=0006987,2025-03-03,321
0006988,DeKalb,No,Dunwoody Marta Station Improvements - LCI Project,1740995725000,https://www.dot.ga.gov/applications/geopi/Pages/Dashboard.aspx?ProjectId=0006988,2025-03-03,322
0007680,DeKalb,No,SR 12/US 278 From CR 782/Margarette Dr To CR 7938/Panola RD,1740995725000,https://www.dot.ga.gov/applications/geopi/Pages/Dashboard.aspx?ProjectId=0007680,2025-03-03,335
0007681,DeKalb,No,SR 12/US 278 From CR 7938/Panola RD To CR 6305/Evans Mill RD,1740995725000,https://www.dot.ga.gov/applications/geopi/Pages/Dashboard.aspx?ProjectId=0007681,2025-03-03,336
0007952,Fulton,No,SR 154/Memorial Drive Corridor Improvements,1740995725000,https://www.dot.ga.gov/applications/geopi/Pages/Dashboard.aspx?ProjectId=0007952,2025-03-03,340
0008440,Clayton,No,Jonesboro Downtown Ped Streetscape - Phase II,1740995725000,https://www.dot.ga.gov/applications/geopi/Pages/Dashboard.aspx?ProjectId=0008440,2025-03-03,361
0008441,Clayton,No,Jonesboro Downtown Ped Streetscape - Phase III,1740995725000,https://www.dot.ga.gov/applications/geopi/Pages/Dashboard.aspx?ProjectId=0008441,2025-03-03,362
0008444,"Forsyth , Fulton",No,SR 400 From Spalding Drive To Mcfarland Pkwy,1740995725000,https://www.dot.ga.gov/applications/geopi/Pages/Dashboard.aspx?ProjectId=0008444,2025-03-03,363
0007094,Cobb,No,Galleria Park And Ride Lot GRTA,1740995725000,https://www.dot.ga.gov/applications/geopi/Pages/Dashboard.aspx?ProjectId=0007094,2025-03-03,364
0007095,DeKalb,No,CR 7938/Panola RD From SR 12/Covington Hwy To CR 5193/Redan RD,1740995725000,https://www.dot.ga.gov/applications/geopi/Pages/Dashboard.aspx?ProjectId=0007095,2025-03-03,365
0007836,"Bartow , Cherokee",No,SR 20 From I-75/Bartow To I-575/Cherokee,1740995725000,https://www.dot.ga.gov/applications/geopi/Pages/Dashboard.aspx?ProjectId=0007836,2025-03-03,366
0007837,"Coweta , Fayette",No,CR 358/CR 548/Palmetto RD/Collinsworth RD From I-85 To SR 74,1740995725000,https://www.dot.ga.gov/applications/geopi/Pages/Dashboard.aspx?ProjectId=0007837,2025-03-03,367
0007838,Fulton,No,SR 9 - Widening & Reconstruct,1740995725000,https://www.dot.ga.gov/applications/geopi/Pages/Dashboard.aspx?ProjectId=0007838,2025-03-03,368
0008445,Forsyth,No,SR 400 From CR 458/Mcfarland To SR 20,1740995725000,https://www.dot.ga.gov/applications/geopi/Pages/Dashboard.aspx?ProjectId=0008445,2025-03-03,372
0008477,Cherokee,No,Canton East-West Conn From SR 108 To SR 5,1740995725000,https://www.dot.ga.gov/applications/geopi/Pages/Dashboard.aspx?ProjectId=0008477,2025-03-03,374
0008517,"Clayton , Fayette",No,East Fayetteville Bypass From SR 54 To SR 85 - Phase II,1740995725000,https://www.dot.ga.gov/applications/geopi/Pages/Dashboard.aspx?ProjectId=0008517,2025-03-03,376
0007846,Forsyth,No,CR 458/Mcfarland Road From SR 400 To SR 9/Atlanta Highway,1740995725000,https://www.dot.ga.gov/applications/geopi/Pages/Dashboard.aspx?ProjectId=0007846,2025-03-03,378
0007848,Gwinnett,No,SR 20 From I-985/US 23 To SR 324/Gravel Springs RD,1740995725000,https://www.dot.ga.gov/applications/geopi/Pages/Dashboard.aspx?ProjectId=0007848,2025-03-03,379
0007849,Gwinnett,No,SR 20 From SR 324/Gravel Springs Road To I-85,1740995725000,https://www.dot.ga.gov/applications/geopi/Pages/Dashboard.aspx?ProjectId=0007849,2025-03-03,380
0010176,DeKalb,No,Glenwood RD From CR 5197/Columbia Dr To SR 12; Exc I-285 Intch,1740995725000,https://www.dot.ga.gov/applications/geopi/Pages/Dashboard.aspx?ProjectId=0010176,2025-03-03,386
0010186,Fulton,No,Downtown Atlanta Express Bus Circulation Improvement - GRTA,1740995725000,https://www.dot.ga.gov/applications/geopi/Pages/Dashboard.aspx?ProjectId=0010186,2025-03-03,387
0010315,Gwinnett,No,Indian Trail Park & Ride Lot - GRTA,1740995725000,https://www.dot.ga.gov/applications/geopi/Pages/Dashboard.aspx?ProjectId=0010315,2025-03-03,391
0011833,Fulton,No,SR 154 @ Fairburn Road & @ Barge Road - Vru,1740995725000,https://www.dot.ga.gov/applications/geopi/Pages/Dashboard.aspx?ProjectId=0011833,2025-03-03,395
0010814,Gwinnett,No,I-85 Nb @ I-985 - Flyover Ramp,1740995725000,https://www.dot.ga.gov/applications/geopi/Pages/Dashboard.aspx?ProjectId=0010814,2025-03-03,397
0010874,Fulton,No,Big Creek Pkwy From W Of SR 140 To E Of SR 140; Inc New Bridge,1740995725000,https://www.dot.ga.gov/applications/geopi/Pages/Dashboard.aspx?ProjectId=0010874,2025-03-03,399
0009315,DeKalb,No,Arabia Mountain Multi-Use Trl From Nature Ctr To Turner Hill-Phase II,1740995725000,https://www.dot.ga.gov/applications/geopi/Pages/Dashboard.aspx?ProjectId=0009315,2025-03-03,401
0009378,DeKalb,No,SR 8 From SR 42 To W Of N Ponce & From Westchester To N Decatur,1740995725000,https://www.dot.ga.gov/applications/geopi/Pages/Dashboard.aspx?ProjectId=0009378,2025-03-03,402
0009395,Fulton,No,Belt Line Corridor From Lindbergh Center To I-85,1740995725000,https://www.dot.ga.gov/applications/geopi/Pages/Dashboard.aspx?ProjectId=0009395,2025-03-03,403
0009398,Fulton,No,Belt Line Corridor From Dellwood Drive To Garson Drive,1740995725000,https://www.dot.ga.gov/applications/geopi/Pages/Dashboard.aspx?ProjectId=0009398,2025-03-03,407
0009643,Fulton,No,Chattahoochee Hills Regional Greenway Trail - Fulton,1740995725000,https://www.dot.ga.gov/applications/geopi/Pages/Dashboard.aspx?ProjectId=0009643,2025-03-03,408
0009831,Cobb,No,Joint Hero/State Patrol Facility,1740995725000,https://www.dot.ga.gov/applications/geopi/Pages/Dashboard.aspx?ProjectId=0009831,2025-03-03,411
0009836,Douglas,No,SR 5 @ Dorsett Shoals Road & @ Banks Mill Road/Pool Road,1740995725000,https://www.dot.ga.gov/applications/geopi/Pages/Dashboard.aspx?ProjectId=0009836,2025-03-03,412
0013525,Cherokee,No,CR 8998/Bells Ferry RD From N Victoria RD To N Of Little River,1740995725000,https://www.dot.ga.gov/applications/geopi/Pages/Dashboard.aspx?ProjectId=0013525,2025-03-03,420
0013159,Fulton,No,Old Alabama RD From 0.47 MI W Of Nesbit Ferry RD To Buice RD,1740995725000,https://www.dot.ga.gov/applications/geopi/Pages/Dashboard.aspx?ProjectId=0013159,2025-03-03,422
0012759,Clayton,No,I-75 Sb Cd System From SR 3 Conn To N Of I-285; Inc Aux Lane,1740995725000,https://www.dot.ga.gov/applications/geopi/Pages/Dashboard.aspx?ProjectId=0012759,2025-03-03,433
0013594,Rockdale,No,SR 20 & Sigman Road From CS 442/Irwin Bridge Road To SR 138,1740995725000,https://www.dot.ga.gov/applications/geopi/Pages/Dashboard.aspx?ProjectId=0013594,2025-03-03,450
0013563,Douglas,No,CR 817/Lee Road/South Sweetwater RD - Phase I - GRTA,1740995725000,https://www.dot.ga.gov/applications/geopi/Pages/Dashboard.aspx?ProjectId=0013563,2025-03-03,455
0013566,"DeKalb , Rockdale",No,Old Covington Hwy From SR 124 To CR 67/Lake Capri Road,1740995725000,https://www.dot.ga.gov/applications/geopi/Pages/Dashboard.aspx?ProjectId=0013566,2025-03-03,458
0012596,Fulton,No,SR 42/US 23 @ SR 154 & @ Arkwright Place,1740995725000,https://www.dot.ga.gov/applications/geopi/Pages/Dashboard.aspx?ProjectId=0012596,2025-03-03,469
0012597,DeKalb,No,SR 154 From SR 42/US 23 To SR 155,1740995725000,https://www.dot.ga.gov/applications/geopi/Pages/Dashboard.aspx?ProjectId=0012597,2025-03-03,470
0012877,Douglas,No,Greenway Trail From Boundary Waters Park To Sweetwater Ck Park,1740995725000,https://www.dot.ga.gov/applications/geopi/Pages/Dashboard.aspx?ProjectId=0012877,2025-03-03,476
0012884,Gwinnett,No,Indian Trail-Lilburn RD From Willow Trail Pkwy To Burns RD,1740995725000,https://www.dot.ga.gov/applications/geopi/Pages/Dashboard.aspx?ProjectId=0012884,2025-03-03,477
0013571,Forsyth,No,SR 306 From SR 400 To SR 369,1740995725000,https://www.dot.ga.gov/applications/geopi/Pages/Dashboard.aspx?ProjectId=0013571,2025-03-03,486
0013315,Clayton,No,SR 42 From CR 3901/Lake Harbin RD To CR 1350/Anvil Block RD,1740995725000,https://www.dot.ga.gov/applications/geopi/Pages/Dashboard.aspx?ProjectId=0013315,2025-03-03,494
0019647,Fulton,No,SR 70 @ CR 2036/Westpark Place,1740995725000,https://www.dot.ga.gov/applications/geopi/Pages/Dashboard.aspx?ProjectId=0019647,2025-03-03,521
0019648,Fulton,No,SR 70 @ CR 1283/Bucknell Drive,1740995725000,https://www.dot.ga.gov/applications/geopi/Pages/Dashboard.aspx?ProjectId=0019648,2025-03-03,522
0019649,Fulton,No,SR 70 @ CR 1277/Great Southwest Pkwy,1740995725000,https://www.dot.ga.gov/applications/geopi/Pages/Dashboard.aspx?ProjectId=0019649,2025-03-03,523
0019889,Douglas,No,Lee Road Ext From SR 92 To CR 141/Bomar Road - Phase I,1740995725000,https://www.dot.ga.gov/applications/geopi/Pages/Dashboard.aspx?ProjectId=0019889,2025-03-03,525
0019890,Cobb,No,SR 280 From SR 3 To CR 3281/Atlanta Street,1740995725000,https://www.dot.ga.gov/applications/geopi/Pages/Dashboard.aspx?ProjectId=0019890,2025-03-03,526
0019897,DeKalb,No,CR 5169/Cedar Grove Road @ NS #718387U,1740995725000,https://www.dot.ga.gov/applications/geopi/Pages/Dashboard.aspx?ProjectId=0019897,2025-03-03,530
0019469,Fulton,No,SR 70 From Lakeview Court To Mendel Drive,1740995725000,https://www.dot.ga.gov/applications/geopi/Pages/Dashboard.aspx?ProjectId=0019469,2025-03-03,544
0019470,DeKalb,No,SR 10 From CR 5148/Rockbridge Road To CR 814/Rays Road - Vru,1740995725000,https://www.dot.ga.gov/applications/geopi/Pages/Dashboard.aspx?ProjectId=0019470,2025-03-03,545
0019668,Fulton,No,SR 14 Alt @ CS 1386/Stonewall Tell Road,1740995725000,https://www.dot.ga.gov/applications/geopi/Pages/Dashboard.aspx?ProjectId=0019668,2025-03-03,578
0020157,Douglas,No,SR 166 @ Bear Creek,1740995725000,https://www.dot.ga.gov/applications/geopi/Pages/Dashboard.aspx?ProjectId=0020157,2025-03-03,595
0020158,Fulton,No,SR 237 @ CSX #639816C In Atlanta,1740995725000,https://www.dot.ga.gov/applications/geopi/Pages/Dashboard.aspx?ProjectId=0020158,2025-03-03,596
0020159,Fulton,No,SR 237 @ Peachtree Creek In Atlanta,1740995725000,https://www.dot.ga.gov/applications/geopi/Pages/Dashboard.aspx?ProjectId=0020159,2025-03-03,597
0019676,DeKalb,No,SR 42 @ I-285 Wb Ramp,1740995725000,https://www.dot.ga.gov/applications/geopi/Pages/Dashboard.aspx?ProjectId=0019676,2025-03-03,610
0019678,Fulton,No,SR 166 @ I-75 Nb Ramp,1740995725000,https://www.dot.ga.gov/applications/geopi/Pages/Dashboard.aspx?ProjectId=0019678,2025-03-03,611
0019679,Clayton,No,SR 3 @ SR 331,1740995725000,https://www.dot.ga.gov/applications/geopi/Pages/Dashboard.aspx?ProjectId=0019679,2025-03-03,612
0019687,Cobb,No,Cobb County Transportation Management Center (Tmc) Upgrade,1740995725000,https://www.dot.ga.gov/applications/geopi/Pages/Dashboard.aspx?ProjectId=0019687,2025-03-03,616
0019691,Clayton,No,SR 3 @ 4 Locs & SR 3 Conn @ 1 Loc - Vru,1740995725000,https://www.dot.ga.gov/applications/geopi/Pages/Dashboard.aspx?ProjectId=0019691,2025-03-03,617
0019701,Cobb,No,SR 360 @ CR 3728/Windy Hill Road,1740995725000,https://www.dot.ga.gov/applications/geopi/Pages/Dashboard.aspx?ProjectId=0019701,2025-03-03,637
0019702,Cherokee,No,SR 92 @ CR 769/Wade Green Road,1740995725000,https://www.dot.ga.gov/applications/geopi/Pages/Dashboard.aspx?ProjectId=0019702,2025-03-03,638
0020203,Clayton,No,SR 139 @ Garden Walk Blvd - Vru,1740995725000,https://www.dot.ga.gov/applications/geopi/Pages/Dashboard.aspx?ProjectId=0020203,2025-03-03,641
0020204,Clayton,No,SR 139 @ E Fayetteville Road & SR 139 @ Walker Road - Vru,1740995725000,https://www.dot.ga.gov/applications/geopi/Pages/Dashboard.aspx?ProjectId=0020204,2025-03-03,642
0020205,Fulton,No,SR 9 & 14Th St From Howell Mill RD To W Peachtree St - Vru,1740995725000,https://www.dot.ga.gov/applications/geopi/Pages/Dashboard.aspx?ProjectId=0020205,2025-03-03,643
0019703,Fulton,No,SR 6 @ SR 154,1740995725000,https://www.dot.ga.gov/applications/geopi/Pages/Dashboard.aspx?ProjectId=0019703,2025-03-03,654
0019704,Gwinnett,No,SR 20 @ SR 324,1740995725000,https://www.dot.ga.gov/applications/geopi/Pages/Dashboard.aspx?ProjectId=0019704,2025-03-03,655
0019705,DeKalb,No,SR 13/US 23 @ I-285,1740995725000,https://www.dot.ga.gov/applications/geopi/Pages/Dashboard.aspx?ProjectId=0019705,2025-03-03,656
0019955,Fulton,No,Off-System Safety Improvements @ 5 Locs In Milton - Hrrr,1740995725000,https://www.dot.ga.gov/applications/geopi/Pages/Dashboard.aspx?ProjectId=0019955,2025-03-03,662
0019956,Cobb,No,Off-System Safety Improvements @ 6 Locs In Cobb County,1740995725000,https://www.dot.ga.gov/applications/geopi/Pages/Dashboard.aspx?ProjectId=0019956,2025-03-03,682
0020197,"Gwinnett , Hall",No,SR 8; SR 20; SR 60 & Gwinnett Drive @ 4 Locs - Vru,1740995725000,https://www.dot.ga.gov/applications/geopi/Pages/Dashboard.aspx?ProjectId=0020197,2025-03-03,683
0020200,Fulton,No,SR 8 From Proctor Creek Greenway To Atlanta Beltline - Vru,1740995725000,https://www.dot.ga.gov/applications/geopi/Pages/Dashboard.aspx?ProjectId=0020200,2025-03-03,686
0020201,Fulton,No,Langhorn Street From S Of SR 139 To Westview Drive - Vru,1740995725000,https://www.dot.ga.gov/applications/geopi/Pages/Dashboard.aspx?ProjectId=0020201,2025-03-03,687
0020202,Clayton,No,SR 139 From Shoreham Drive To Lake Regency Drive - Vru,1740995725000,https://www.dot.ga.gov/applications/geopi/Pages/Dashboard.aspx?ProjectId=0020202,2025-03-03,688
0019775,Fulton,No,SR 70 From Sandy Creek To SR 8,1740995725000,https://www.dot.ga.gov/applications/geopi/Pages/Dashboard.aspx?ProjectId=0019775,2025-03-03,699
0019776,Fulton,No,Marietta Road From Thomas Street To W Marietta Street,1740995725000,https://www.dot.ga.gov/applications/geopi/Pages/Dashboard.aspx?ProjectId=0019776,2025-03-03,700
0019965,DeKalb,No,I-285 From N Shallowford RD To Henderson RD-Top End Express Ln,1740995725000,https://www.dot.ga.gov/applications/geopi/Pages/Dashboard.aspx?ProjectId=0019965,2025-03-03,705
0020262,DeKalb,No,Executive Park South @ I-85; Inc Shared Use Path,1740995725000,https://www.dot.ga.gov/applications/geopi/Pages/Dashboard.aspx?ProjectId=0020262,2025-03-03,711
0019778,Clayton,No,SR 3 & SR 3 Conn From Henry County Line To Upper Riverdale RD,1740995725000,https://www.dot.ga.gov/applications/geopi/Pages/Dashboard.aspx?ProjectId=0019778,2025-03-03,717
0019780,Cobb,No,Cumberland Multi-Modal Path - Segment D,1740995725000,https://www.dot.ga.gov/applications/geopi/Pages/Dashboard.aspx?ProjectId=0019780,2025-03-03,718
0019966,DeKalb,No,I-285 From Henderson RD To SR 410/US 78-Eastside Express Lns ,1740995725000,https://www.dot.ga.gov/applications/geopi/Pages/Dashboard.aspx?ProjectId=0019966,2025-03-03,721
0019967,DeKalb,No,I-285 From SR 410/US 78 To I-20 - Eastside Express Lanes ,1740995725000,https://www.dot.ga.gov/applications/geopi/Pages/Dashboard.aspx?ProjectId=0019967,2025-03-03,722
0020001,Cobb,No,Johnson Ferry Road @ Shallowford Road,1740995725000,https://www.dot.ga.gov/applications/geopi/Pages/Dashboard.aspx?ProjectId=0020001,2025-03-03,725
0019785,DeKalb,No,Chamblee Dunwoody Road From Womack Road To Roberts Drive-LCI,1740995725000,https://www.dot.ga.gov/applications/geopi/Pages/Dashboard.aspx?ProjectId=0019785,2025-03-03,729
0019786,DeKalb,No,Traffic Signal Operations & Tech Improvements In Dekalb Co,1740995725000,https://www.dot.ga.gov/applications/geopi/Pages/Dashboard.aspx?ProjectId=0019786,2025-03-03,730
0019787,DeKalb,No,Mountain Ind Blvd From Lewis Road To N Royal Atl Drive @ 6 Loc,1740995725000,https://www.dot.ga.gov/applications/geopi/Pages/Dashboard.aspx?ProjectId=0019787,2025-03-03,731
0019789,DeKalb,No,SR 141 @ Parsons Drive/Peachtree Road/N Shallowford Road,1740995725000,https://www.dot.ga.gov/applications/geopi/Pages/Dashboard.aspx?ProjectId=0019789,2025-03-03,732
0019790,DeKalb,No,Shallowford RD From New Peachtree To Chamblee Dunwoody - LCI,1740995725000,https://www.dot.ga.gov/applications/geopi/Pages/Dashboard.aspx?ProjectId=0019790,2025-03-03,733
0019791,"DeKalb , Gwinnett",No,Winters Chapel RD From Charmant Place To Peeler RD-Phase II,1740995725000,https://www.dot.ga.gov/applications/geopi/Pages/Dashboard.aspx?ProjectId=0019791,2025-03-03,734
0020040,DeKalb,No,SR 8/US 23 From South Ponce De Leon Ave To Ridgecrest Road,1740995725000,https://www.dot.ga.gov/applications/geopi/Pages/Dashboard.aspx?ProjectId=0020040,2025-03-03,739
0020042,DeKalb,No,SR 12 @ Hillvale Road - Vru,1740995725000,https://www.dot.ga.gov/applications/geopi/Pages/Dashboard.aspx?ProjectId=0020042,2025-03-03,740
0019558,"DeKalb , Fulton",No,SR 154 @ 7 Locs In Dekalb & 1 Loc In Fulton - Vru,1740995725000,https://www.dot.ga.gov/applications/geopi/Pages/Dashboard.aspx?ProjectId=0019558,2025-03-03,742
0019793,Fulton,No,SR 9 From CS 1436/Dunwoody Place To Chattahoochee River,1740995725000,https://www.dot.ga.gov/applications/geopi/Pages/Dashboard.aspx?ProjectId=0019793,2025-03-03,748
0019797,Forsyth,No,SR 9 @ CR 199/Punch Hammond Road,1740995725000,https://www.dot.ga.gov/applications/geopi/Pages/Dashboard.aspx?ProjectId=0019797,2025-03-03,749
0019799,Gwinnett,No,Crooked Crk Trail From Spalding Dr To Peachtree Corners Circle,1740995725000,https://www.dot.ga.gov/applications/geopi/Pages/Dashboard.aspx?ProjectId=0019799,2025-03-03,750
0020043,DeKalb,No,Laredo Drive @ 1 Loc & N Clarendon Ave @ 1 Loc - Vru,1740995725000,https://www.dot.ga.gov/applications/geopi/Pages/Dashboard.aspx?ProjectId=0020043,2025-03-03,751
0020046,Fulton,No,Beltline Southside Trail From Glenwood Ave To Woodward Ave,1740995725000,https://www.dot.ga.gov/applications/geopi/Pages/Dashboard.aspx?ProjectId=0020046,2025-03-03,752
0019834,Fulton,No,SR 280 @ CS 2645/Northwest Drive,1740995725000,https://www.dot.ga.gov/applications/geopi/Pages/Dashboard.aspx?ProjectId=0019834,2025-03-03,765
0020052,"Cobb , Paulding",No,SR 92 From E Paulding Middle School To Due West RD-Phase III,1740995725000,https://www.dot.ga.gov/applications/geopi/Pages/Dashboard.aspx?ProjectId=0020052,2025-03-03,771
0020067,Cobb,No,Bells Ferry Road @ Noonday Creek,1740995725000,https://www.dot.ga.gov/applications/geopi/Pages/Dashboard.aspx?ProjectId=0020067,2025-03-03,774
0019616,Cobb,No,Big Shanty RD From Chastain Meadows Pkwy To Bells Ferry RD,1740995725000,https://www.dot.ga.gov/applications/geopi/Pages/Dashboard.aspx?ProjectId=0019616,2025-03-03,786
0019617,Cobb,No,Chattahoochee River Trail From SR 139 To Nickajack Creek-Phase II,1740995725000,https://www.dot.ga.gov/applications/geopi/Pages/Dashboard.aspx?ProjectId=0019617,2025-03-03,787
0019618,Cobb,No,Cumberland Multi-Modal Path - Segment E,1740995725000,https://www.dot.ga.gov/applications/geopi/Pages/Dashboard.aspx?ProjectId=0019618,2025-03-03,788
0019841,Fulton,No,SR 138 @ CR 581/Bethsaida Road,1740995725000,https://www.dot.ga.gov/applications/geopi/Pages/Dashboard.aspx?ProjectId=0019841,2025-03-03,790
0020085,Cobb,No,SR 92 @ Sandy Plains Road,1740995725000,https://www.dot.ga.gov/applications/geopi/Pages/Dashboard.aspx?ProjectId=0020085,2025-03-03,795
0020088,Forsyth,No,SR 20 @ SR 400 Sb Ramp,1740995725000,https://www.dot.ga.gov/applications/geopi/Pages/Dashboard.aspx?ProjectId=0020088,2025-03-03,798
0019622,DeKalb,No,SR 155 From Columbia Drive To Wesley Chapel Road,1740995725000,https://www.dot.ga.gov/applications/geopi/Pages/Dashboard.aspx?ProjectId=0019622,2025-03-03,811
0019623,DeKalb,No,CR 5182/Pleasantdale Road From I-85 To Tucker Norcross Road,1740995725000,https://www.dot.ga.gov/applications/geopi/Pages/Dashboard.aspx?ProjectId=0019623,2025-03-03,812
0020108,Cobb,No,SR 360 From Cheatham Hill Road To County Services Pkwy,1740995725000,https://www.dot.ga.gov/applications/geopi/Pages/Dashboard.aspx?ProjectId=0020108,2025-03-03,821
0020111,DeKalb,No,SR 12 @ Panola Road,1740995725000,https://www.dot.ga.gov/applications/geopi/Pages/Dashboard.aspx?ProjectId=0020111,2025-03-03,823
0019631,Cherokee,No,I-575 @ CR 416/Towne Lake Pkwy,1740995725000,https://www.dot.ga.gov/applications/geopi/Pages/Dashboard.aspx?ProjectId=0019631,2025-03-03,825
0019632,Cherokee,No,I-575 @ CS 698/Ridgewalk Pkwy,1740995725000,https://www.dot.ga.gov/applications/geopi/Pages/Dashboard.aspx?ProjectId=0019632,2025-03-03,826
0020112,"DeKalb , Fulton",No,SR 8/US 23 @ SR 42,1740995725000,https://www.dot.ga.gov/applications/geopi/Pages/Dashboard.aspx?ProjectId=0020112,2025-03-03,835
0020115,Gwinnett,No,SR 13 @ S Lee Street,1740995725000,https://www.dot.ga.gov/applications/geopi/Pages/Dashboard.aspx?ProjectId=0020115,2025-03-03,838
0020117,Fulton,No,Mlk Jr Drive @ West Lake Ave - Vru,1740995725000,https://www.dot.ga.gov/applications/geopi/Pages/Dashboard.aspx?ProjectId=0020117,2025-03-03,840
0019636,Douglas,No,Chapel Hill From Hospital Dr To Arbor Place Blvd; Inc I-20 Ddi,1740995725000,https://www.dot.ga.gov/applications/geopi/Pages/Dashboard.aspx?ProjectId=0019636,2025-03-03,844
0019637,Gwinnett,No,I-985 @ CR 120/Thompson Mill Road - New Interchange,1740995725000,https://www.dot.ga.gov/applications/geopi/Pages/Dashboard.aspx?ProjectId=0019637,2025-03-03,845
0019638,Henry,No,SR 81 From CR 651/Keys Ferry Road To CR 371/Bethany Road,1740995725000,https://www.dot.ga.gov/applications/geopi/Pages/Dashboard.aspx?ProjectId=0019638,2025-03-03,846
0019639,Fulton,No,Joseph E Lowery @ 2 Locs & Lee Street @ 1 Loc,1740995725000,https://www.dot.ga.gov/applications/geopi/Pages/Dashboard.aspx?ProjectId=0019639,2025-03-03,847
0019640,Fulton,No,Chattahoochee Greenway From Rogers Bridge RD To Mcginnis Ferry,1740995725000,https://www.dot.ga.gov/applications/geopi/Pages/Dashboard.aspx?ProjectId=0019640,2025-03-03,848
0019884,DeKalb,No,SR 13 @ I-285; @ Oakcliff RD; @ Mcelroy RD & @ Longmire Way,1740995725000,https://www.dot.ga.gov/applications/geopi/Pages/Dashboard.aspx?ProjectId=0019884,2025-03-03,850
0019885,Cobb,No,SR 3/US 41 @ Cumberland Blvd/Windy Ridge Pkwy,1740995725000,https://www.dot.ga.gov/applications/geopi/Pages/Dashboard.aspx?ProjectId=0019885,2025-03-03,851
0019887,Cobb,No,SR 3/US 41 @ Third Army Road,1740995725000,https://www.dot.ga.gov/applications/geopi/Pages/Dashboard.aspx?ProjectId=0019887,2025-03-03,852
0019888,DeKalb,No,Michelle Obama Trail Ext From South River Trail To Conley Crk,1740995725000,https://www.dot.ga.gov/applications/geopi/Pages/Dashboard.aspx?ProjectId=0019888,2025-03-03,853
0020118,Cobb,No,I-75 @ Hope Creek,1740995725000,https://www.dot.ga.gov/applications/geopi/Pages/Dashboard.aspx?ProjectId=0020118,2025-03-03,854
0019349,"Cobb , Henry",No,I-75 @ 5 Locs-Wrong Way Driving Deployment On Managed Lanes,1740995725000,https://www.dot.ga.gov/applications/geopi/Pages/Dashboard.aspx?ProjectId=0019349,2025-03-03,864
0015042,Cobb,No,Rottenwood Creek Trail From Alumni Dr To Franklin RD - Phase I,1740995725000,https://www.dot.ga.gov/applications/geopi/Pages/Dashboard.aspx?ProjectId=0015042,2025-03-03,867
0015078,Fulton,No,Big Creek Greenway Conn From Bethany Bend RD To Morris RD,1740995725000,https://www.dot.ga.gov/applications/geopi/Pages/Dashboard.aspx?ProjectId=0015078,2025-03-03,877
0015089,Henry,No,SR 81 From E Of SR 81 We To E Of CR 371/Bethany Road,1740995725000,https://www.dot.ga.gov/applications/geopi/Pages/Dashboard.aspx?ProjectId=0015089,2025-03-03,888
0015090,Henry,No,Rock Quarry Road From Eagles Landing Pkwy To SR 42/SR 138,1740995725000,https://www.dot.ga.gov/applications/geopi/Pages/Dashboard.aspx?ProjectId=0015090,2025-03-03,889
0013889,Fulton,No,SR 140 @ Saddle Creek Pkwy/Saddle Creek Drive In Roswell,1740995725000,https://www.dot.ga.gov/applications/geopi/Pages/Dashboard.aspx?ProjectId=0013889,2025-03-03,893
0014080,Clayton,No,SR 314 From SR 139 To CR 1346/Flat Shoals Road,1740995725000,https://www.dot.ga.gov/applications/geopi/Pages/Dashboard.aspx?ProjectId=0014080,2025-03-03,897
0015424,Fulton,No,Transportation Management Center,1740995725000,https://www.dot.ga.gov/applications/geopi/Pages/Dashboard.aspx?ProjectId=0015424,2025-03-03,900
0013890,"Cherokee , Fulton",No,SR 140 From CS 1331/Rucker Road To CR 777/Arnold Mill Road,1740995725000,https://www.dot.ga.gov/applications/geopi/Pages/Dashboard.aspx?ProjectId=0013890,2025-03-03,901
0013891,Cherokee,No,SR 140 From CR 777/Arnold Mill RD To CR 765/E Cherokee Dr,1740995725000,https://www.dot.ga.gov/applications/geopi/Pages/Dashboard.aspx?ProjectId=0013891,2025-03-03,902
0013892,Cherokee,No,SR 140 From CR 765/East Cherokee Drive To I-575,1740995725000,https://www.dot.ga.gov/applications/geopi/Pages/Dashboard.aspx?ProjectId=0013892,2025-03-03,903
0013893,Gwinnett,No,SR 316 From E Of Collins Hill Road To W Of Cedars Road,1740995725000,https://www.dot.ga.gov/applications/geopi/Pages/Dashboard.aspx?ProjectId=0013893,2025-03-03,904
0013895,Gwinnett,No,SR 316 From E Of CR 186/Cedars RD To E Of CR 5661/Fence RD,1740995725000,https://www.dot.ga.gov/applications/geopi/Pages/Dashboard.aspx?ProjectId=0013895,2025-03-03,914
0013896,Gwinnett,No,SR 316 @ CR 5661/Fence RD & New Loc From Fence RD To SR 8,1740995725000,https://www.dot.ga.gov/applications/geopi/Pages/Dashboard.aspx?ProjectId=0013896,2025-03-03,915
0013897,Gwinnett,No,SR 316 From E Of Fence Road To W Of Sugarloaf Pkwy,1740995725000,https://www.dot.ga.gov/applications/geopi/Pages/Dashboard.aspx?ProjectId=0013897,2025-03-03,916
0013899,Gwinnett,No,SR 316 @ CR 7646/Oak Valley Road,1740995725000,https://www.dot.ga.gov/applications/geopi/Pages/Dashboard.aspx?ProjectId=0013899,2025-03-03,917
0013900,Gwinnett,No,SR 316 @ CS 1255/Williams Farm Drive,1740995725000,https://www.dot.ga.gov/applications/geopi/Pages/Dashboard.aspx?ProjectId=0013900,2025-03-03,918
0015156,Clayton,No,SR 3/US 19 From SR 54 To I-75 @ 15 Locs,1740995725000,https://www.dot.ga.gov/applications/geopi/Pages/Dashboard.aspx?ProjectId=0015156,2025-03-03,920
0013901,Gwinnett,No,SR 316/US 29 @ CR 238/Drowning Creek Road,1740995725000,https://www.dot.ga.gov/applications/geopi/Pages/Dashboard.aspx?ProjectId=0013901,2025-03-03,922
0013913,DeKalb,No,I-20 From I-285 To SR 124 - Express Lanes,1740995725000,https://www.dot.ga.gov/applications/geopi/Pages/Dashboard.aspx?ProjectId=0013913,2025-03-03,934
0013916,"Cobb , Douglas , Fulton",No,I-20 From I-285 To CR 192/Bright Star Road - Express Lanes,1740995725000,https://www.dot.ga.gov/applications/geopi/Pages/Dashboard.aspx?ProjectId=0013916,2025-03-03,935
0013917,"Cobb , Fulton",No,I-285 From I-20/Fulton To Atlanta RD/Cobb-Westside Express Ln ,1740995725000,https://www.dot.ga.gov/applications/geopi/Pages/Dashboard.aspx?ProjectId=0013917,2025-03-03,936
0014132,Cherokee,No,SR 20 From CR 762/Union Hill RD To CR 765/East Cherokee Dr,1740995725000,https://www.dot.ga.gov/applications/geopi/Pages/Dashboard.aspx?ProjectId=0014132,2025-03-03,939
0013919,"Clayton , Henry",No,I-75 From I-285 To SR 138 - Express Lanes,1740995725000,https://www.dot.ga.gov/applications/geopi/Pages/Dashboard.aspx?ProjectId=0013919,2025-03-03,941
0013920,"DeKalb , Gwinnett",No,I-85 From I-285 To CR 3761/Old Peachtree Road - Express Lanes,1740995725000,https://www.dot.ga.gov/applications/geopi/Pages/Dashboard.aspx?ProjectId=0013920,2025-03-03,942
0014133,Cherokee,No,SR 20 From CR 765/East Cherokee Drive To SR 369,1740995725000,https://www.dot.ga.gov/applications/geopi/Pages/Dashboard.aspx?ProjectId=0014133,2025-03-03,943
0015546,Fulton,No,SR 14 @ NS #718047H In Atlanta,1740995725000,https://www.dot.ga.gov/applications/geopi/Pages/Dashboard.aspx?ProjectId=0015546,2025-03-03,945
0014172,Gwinnett,No,SR 124 From Ronald Reagan Pkwy To Sugarloaf Pkwy,1740995725000,https://www.dot.ga.gov/applications/geopi/Pages/Dashboard.aspx?ProjectId=0014172,2025-03-03,947
0015216,DeKalb,No,CS 236/Hugh Howell Road @ SR 8 Conn,1740995725000,https://www.dot.ga.gov/applications/geopi/Pages/Dashboard.aspx?ProjectId=0015216,2025-03-03,951
0015219,Fulton,No,I-285 @ SR 9 - Interchange,1740995725000,https://www.dot.ga.gov/applications/geopi/Pages/Dashboard.aspx?ProjectId=0015219,2025-03-03,952
0013756,DeKalb,No,Lithonia Ind Blvd From Woodrow RD To Evans Mill RD - Phase IV,1740995725000,https://www.dot.ga.gov/applications/geopi/Pages/Dashboard.aspx?ProjectId=0013756,2025-03-03,954
0013951,DeKalb,No,SR 42 From CR 1285/Clifton RD To CR 5160/North Druid Hills RD,1740995725000,https://www.dot.ga.gov/applications/geopi/Pages/Dashboard.aspx?ProjectId=0013951,2025-03-03,973
0013965,Forsyth,No,Post Road From CR 5/Kelly Mill Road To SR 20,1740995725000,https://www.dot.ga.gov/applications/geopi/Pages/Dashboard.aspx?ProjectId=0013965,2025-03-03,981
0015284,Henry,No,SR 155 From I-75 To Hampton-Locust Grove RD/Bill Gardner Pkwy,1740995725000,https://www.dot.ga.gov/applications/geopi/Pages/Dashboard.aspx?ProjectId=0015284,2025-03-03,984
0015288,Fulton,No,SR 3/US 41 From CS 1704/Tech Pkwy To CS 696/Hemphill Ave,1740995725000,https://www.dot.ga.gov/applications/geopi/Pages/Dashboard.aspx?ProjectId=0015288,2025-03-03,985
0013972,Gwinnett,No,SR 140 From SR 13 To SR 141,1740995725000,https://www.dot.ga.gov/applications/geopi/Pages/Dashboard.aspx?ProjectId=0013972,2025-03-03,987
0013974,Gwinnett,No,SR 20 From SR 124 To CR 1940/Hurricane Road,1740995725000,https://www.dot.ga.gov/applications/geopi/Pages/Dashboard.aspx?ProjectId=0013974,2025-03-03,988
0015295,Fulton,No,CS 2003/Central Ave @ CSX #279974G In Atlanta,1740995725000,https://www.dot.ga.gov/applications/geopi/Pages/Dashboard.aspx?ProjectId=0015295,2025-03-03,991
0013989,Forsyth,No,SR 369 From SR 306 To Hall County Line,1740995725000,https://www.dot.ga.gov/applications/geopi/Pages/Dashboard.aspx?ProjectId=0013989,2025-03-03,992
0013991,DeKalb,No,SR 42 - Construction Of A Bridge,1740995725000,https://www.dot.ga.gov/applications/geopi/Pages/Dashboard.aspx?ProjectId=0013991,2025-03-03,993
0014925,Gwinnett,No,SR 124 From SR 20 To CR 106/Old Peachtree Road,1740995725000,https://www.dot.ga.gov/applications/geopi/Pages/Dashboard.aspx?ProjectId=0014925,2025-03-03,994
0014926,Gwinnett,No,SR 124 From Old Peachtree Road To Hamilton Mill Pkwy,1740995725000,https://www.dot.ga.gov/applications/geopi/Pages/Dashboard.aspx?ProjectId=0014926,2025-03-03,995
0014927,Gwinnett,No,SR 124 From E Of Hamilton Mill Pkwy To Wheeler Road,1740995725000,https://www.dot.ga.gov/applications/geopi/Pages/Dashboard.aspx?ProjectId=0014927,2025-03-03,996
M005878,Fulton,No,SR 400 @ Justin C Martin Building - Tunnel Bridge Rehab,1740995725000,https://www.dot.ga.gov/applications/geopi/Pages/Dashboard.aspx?ProjectId=M005878,2025-03-03,1001
M006073,Fulton,No,I-285 From Chattahoochee River To W Of SR 400,1740995725000,https://www.dot.ga.gov/applications/geopi/Pages/Dashboard.aspx?ProjectId=M006073,2025-03-03,1005
M006074,"Clayton , DeKalb , Fulton",No,I-285 From SR 42/Dekalb To W Of CR 171/Conley Road/Clayton,1740995725000,https://www.dot.ga.gov/applications/geopi/Pages/Dashboard.aspx?ProjectId=M006074,2025-03-03,1006
0020634,Gwinnett,No,Stanley Road @ SR 8,1740995725000,https://www.dot.ga.gov/applications/geopi/Pages/Dashboard.aspx?ProjectId=0020634,2025-03-03,1027
0020661,Douglas,No,SR 166 @ Chapel Hill Road,1740995725000,https://www.dot.ga.gov/applications/geopi/Pages/Dashboard.aspx?ProjectId=0020661,2025-03-03,1034
0020662,Cobb,No,Franklin Gateway @ Rottenwood Creek,1740995725000,https://www.dot.ga.gov/applications/geopi/Pages/Dashboard.aspx?ProjectId=0020662,2025-03-03,1035
0020663,Cobb,No,Cobb International Blvd From SR 3 To Cobb Center Drive,1740995725000,https://www.dot.ga.gov/applications/geopi/Pages/Dashboard.aspx?ProjectId=0020663,2025-03-03,1036
0020664,Cobb,No,Austell Powder Springs Trail From Silver Comet To Joe Jerkins,1740995725000,https://www.dot.ga.gov/applications/geopi/Pages/Dashboard.aspx?ProjectId=0020664,2025-03-03,1037
0020666,Cobb,No,George Busbee Pkwy From SR 5 Conn To Chastain Road,1740995725000,https://www.dot.ga.gov/applications/geopi/Pages/Dashboard.aspx?ProjectId=0020666,2025-03-03,1038
0020667,DeKalb,No,Georgetown Trail From Old Georgetown Trl To Georgetown Square,1740995725000,https://www.dot.ga.gov/applications/geopi/Pages/Dashboard.aspx?ProjectId=0020667,2025-03-03,1039
0020669,Cobb,No,Oakdale Road @ Buckner Road & @ NS #719840A,1740995725000,https://www.dot.ga.gov/applications/geopi/Pages/Dashboard.aspx?ProjectId=0020669,2025-03-03,1040
122750-,Gwinnett,No,SR 316 From Riverside Parkway To East Of Walther Blvd,1740995725000,https://www.dot.ga.gov/applications/geopi/Pages/Dashboard.aspx?ProjectId=122750-,2025-03-03,1041
122760-,Gwinnett,No,SR 316 From E Of SR 20 To W Of CR 183/Progress Center Ave,1740995725000,https://www.dot.ga.gov/applications/geopi/Pages/Dashboard.aspx?ProjectId=122760-,2025-03-03,1042
122770-,Gwinnett,No,SR 316 From W Of CR 183/Progress Center Ave To E Of Cedars RD,1740995725000,https://www.dot.ga.gov/applications/geopi/Pages/Dashboard.aspx?ProjectId=122770-,2025-03-03,1043
0020670,Gwinnett,No,Pleasant Hill Road @ Gwinnett Place Drive,1740995725000,https://www.dot.ga.gov/applications/geopi/Pages/Dashboard.aspx?ProjectId=0020670,2025-03-03,1050
0020671,DeKalb,No,Chestnut Drive @ SR 13,1740995725000,https://www.dot.ga.gov/applications/geopi/Pages/Dashboard.aspx?ProjectId=0020671,2025-03-03,1051
0020677,"Gwinnett , Jackson",No,Railroad Crossings @ 5 NS Locs In District 1,1740995725000,https://www.dot.ga.gov/applications/geopi/Pages/Dashboard.aspx?ProjectId=0020677,2025-03-03,1053
0020680,DeKalb,No,Henrico Road @ NS #718386M,1740995725000,https://www.dot.ga.gov/applications/geopi/Pages/Dashboard.aspx?ProjectId=0020680,2025-03-03,1056
0020681,Fulton,No,Jonesboro Road @ CSX #639514A In Union City,1740995725000,https://www.dot.ga.gov/applications/geopi/Pages/Dashboard.aspx?ProjectId=0020681,2025-03-03,1057
0020769,Fulton,No,I-75/I-85 Capping - The Stitch - Phase I,1740995725000,https://www.dot.ga.gov/applications/geopi/Pages/Dashboard.aspx?ProjectId=0020769,2025-03-03,1095
0020777,Fayette,No,SR 279 @ SR 314,1740995725000,https://www.dot.ga.gov/applications/geopi/Pages/Dashboard.aspx?ProjectId=0020777,2025-03-03,1103
0020778,Forsyth,No,SR 141 From SR 400 To Bennett Pkwy,1740995725000,https://www.dot.ga.gov/applications/geopi/Pages/Dashboard.aspx?ProjectId=0020778,2025-03-03,1104
0020797,DeKalb,No,SR 42/US 23 @ Bailey Street,1740995725000,https://www.dot.ga.gov/applications/geopi/Pages/Dashboard.aspx?ProjectId=0020797,2025-03-03,1125
0020927,Fulton,No,SR 141 From Old Alabama Road To State Bridge Road,1740995725000,https://www.dot.ga.gov/applications/geopi/Pages/Dashboard.aspx?ProjectId=0020927,2025-03-03,1126
0020938,Cherokee,No,SR 108 @ SR 140,1740995725000,https://www.dot.ga.gov/applications/geopi/Pages/Dashboard.aspx?ProjectId=0020938,2025-03-03,1142
0020939,Cobb,No,SR 5 Conn @ Mall Blvd,1740995725000,https://www.dot.ga.gov/applications/geopi/Pages/Dashboard.aspx?ProjectId=0020939,2025-03-03,1143
0020943,Cobb,No,SR 5 Conn @ I-75 Sb Ramp,1740995725000,https://www.dot.ga.gov/applications/geopi/Pages/Dashboard.aspx?ProjectId=0020943,2025-03-03,1145
0020944,Cobb,No,SR 5 Conn @ I-75 Nb Ramp,1740995725000,https://www.dot.ga.gov/applications/geopi/Pages/Dashboard.aspx?ProjectId=0020944,2025-03-03,1146
0020951,"Clayton , Fulton",No,I-85 From Riverdale Road To I-75,1740995725000,https://www.dot.ga.gov/applications/geopi/Pages/Dashboard.aspx?ProjectId=0020951,2025-03-03,1150
370880-,"Clayton , Spalding",No,CR 517 @ Bear Creek @ Clayton/Spalding CO Ln,1740995725000,https://www.dot.ga.gov/applications/geopi/Pages/Dashboard.aspx?ProjectId=370880-,2025-03-03,1152
0020285,Clayton,No,SR 3; SR 3 Conn; SR 85 & SR 139 @ 4 Locs,1740995725000,https://www.dot.ga.gov/applications/geopi/Pages/Dashboard.aspx?ProjectId=0020285,2025-03-03,1165
0020286,Cobb,No,Cumberland Core Loop From E Of Galleria Dr To Cumberland Blvd,1740995725000,https://www.dot.ga.gov/applications/geopi/Pages/Dashboard.aspx?ProjectId=0020286,2025-03-03,1166
0020952,Fulton,No,I-75 @ SR 154 - Tunnel Lighting,1740995725000,https://www.dot.ga.gov/applications/geopi/Pages/Dashboard.aspx?ProjectId=0020952,2025-03-03,1167
0020953,Fulton,No,I-75 @ Ralph Mcgill Blvd & @ Baker Street - Tunnel Lighting,1740995725000,https://www.dot.ga.gov/applications/geopi/Pages/Dashboard.aspx?ProjectId=0020953,2025-03-03,1168
0020954,Fulton,No,I-75 From I-20 To I-85,1740995725000,https://www.dot.ga.gov/applications/geopi/Pages/Dashboard.aspx?ProjectId=0020954,2025-03-03,1169
0020955,Fulton,No,I-75 From I-85 To Memorial Drive,1740995725000,https://www.dot.ga.gov/applications/geopi/Pages/Dashboard.aspx?ProjectId=0020955,2025-03-03,1170
0020287,Cobb,No,SR 3 @ Cumberland Mall,1740995725000,https://www.dot.ga.gov/applications/geopi/Pages/Dashboard.aspx?ProjectId=0020287,2025-03-03,1183
0021092,"Cherokee , Cobb , Fulton",No,I-75 & I-85 @ 5 Locs - Ramp Meter Improvements,1740995725000,https://www.dot.ga.gov/applications/geopi/Pages/Dashboard.aspx?ProjectId=0021092,2025-03-03,1195
0021093,"Clayton , DeKalb , Fulton",No,I-285 From Columbia Dr To Boulder Park Dr - Aid Upgrades,1740995725000,https://www.dot.ga.gov/applications/geopi/Pages/Dashboard.aspx?ProjectId=0021093,2025-03-03,1196
0020374,Fulton,No,SR 6 @ Bakers Ferry Road,1740995725000,https://www.dot.ga.gov/applications/geopi/Pages/Dashboard.aspx?ProjectId=0020374,2025-03-03,1232
0020375,Douglas,No,SR 6 @ Oak Ridge Road/Skyview Road,1740995725000,https://www.dot.ga.gov/applications/geopi/Pages/Dashboard.aspx?ProjectId=0020375,2025-03-03,1233
0020398,Fulton,No,Old Alabama Road @ Johns Creek & @ Johns Creek Trib,1740995725000,https://www.dot.ga.gov/applications/geopi/Pages/Dashboard.aspx?ProjectId=0020398,2025-03-03,1269
713610-,DeKalb,No,I-20 From Columbia Drive East To Evans Mill Road,1740995725000,https://www.dot.ga.gov/applications/geopi/Pages/Dashboard.aspx?ProjectId=713610-,2025-03-03,1284
721000-,"Fulton , Gwinnett",No,SR 120 From SR 141/Fulton To Peachtree Ind Blvd/Gwinnett,1740995725000,https://www.dot.ga.gov/applications/geopi/Pages/Dashboard.aspx?ProjectId=721000-,2025-03-03,1289
721010-,Fulton,No,SR 9 From SR 120 To Chattahoochee River In Roswell,1740995725000,https://www.dot.ga.gov/applications/geopi/Pages/Dashboard.aspx?ProjectId=721010-,2025-03-03,1290
721770-,"Douglas , Fulton",No,SR 166 From Old Lower River Road/Douglas To SR 70/Fulton,1740995725000,https://www.dot.ga.gov/applications/geopi/Pages/Dashboard.aspx?ProjectId=721770-,2025-03-03,1295
M005062,Henry,No,SR 81 From SR 3 To SR 20,1740995725000,https://www.dot.ga.gov/applications/geopi/Pages/Dashboard.aspx?ProjectId=M005062,2025-03-03,1300
742870-,"Clayton , Fayette",No,Mcdonough Road From SR 54/Fayette To SR 3/US 19/Clayton,1740995725000,https://www.dot.ga.gov/applications/geopi/Pages/Dashboard.aspx?ProjectId=742870-,2025-03-03,1301
M004944,Fulton,No,SR 70 From Douglas County Line To SR 154,1740995725000,https://www.dot.ga.gov/applications/geopi/Pages/Dashboard.aspx?ProjectId=M004944,2025-03-03,1302
751230-,DeKalb,No,Redan RD From E/I-285 E To Hairston| From N Redan Cir To Panola,1740995725000,https://www.dot.ga.gov/applications/geopi/Pages/Dashboard.aspx?ProjectId=751230-,2025-03-03,1307
751420-,Fulton,No,Johnson Ferry From Ferry Dr To Hunting Crk RD;Inc Roundabouts,1740995725000,https://www.dot.ga.gov/applications/geopi/Pages/Dashboard.aspx?ProjectId=751420-,2025-03-03,1308
751850-,"Clayton , Fayette",No,SR 314 From SR 279/Fayette To CR 1346/Creel Dr/Clayton,1740995725000,https://www.dot.ga.gov/applications/geopi/Pages/Dashboard.aspx?ProjectId=751850-,2025-03-03,1312
751910-,Fulton,No,CS 6340/Powers Ferry Road @ Nancy Creek N Of SR 9,1740995725000,https://www.dot.ga.gov/applications/geopi/Pages/Dashboard.aspx?ProjectId=751910-,2025-03-03,1313
752180-,Clayton,No,CR 171/Conley Road From I-285 To SR 54/Jonesboro Road,1740995725000,https://www.dot.ga.gov/applications/geopi/Pages/Dashboard.aspx?ProjectId=752180-,2025-03-03,1314
M004957,Fulton,No,SR 14 Alt/SR 154 From SR 14 To SR 70,1740995725000,https://www.dot.ga.gov/applications/geopi/Pages/Dashboard.aspx?ProjectId=M004957,2025-03-03,1315
752210-,Rockdale,No,Sigman Road From Dogwood Road Ext To SR 20/138,1740995725000,https://www.dot.ga.gov/applications/geopi/Pages/Dashboard.aspx?ProjectId=752210-,2025-03-03,1318
770266-,Cobb,No,CS 2446/Hopkins RD @ Wild Horse Creek In Powder Springs,1740995725000,https://www.dot.ga.gov/applications/geopi/Pages/Dashboard.aspx?ProjectId=770266-,2025-03-03,1319
770271-,Fulton,No,CR 485/Demooney Road @ Deep Creek NW Of Fairburn,1740995725000,https://www.dot.ga.gov/applications/geopi/Pages/Dashboard.aspx?ProjectId=770271-,2025-03-03,1320
M004984,Fayette,No,SR 85 From SR 314 To Clayton County Line,1740995725000,https://www.dot.ga.gov/applications/geopi/Pages/Dashboard.aspx?ProjectId=M004984,2025-03-03,1328
M004059,Fulton,No,I-285 @ CR 288/Heards Road - Emergency Repair,1740995725000,https://www.dot.ga.gov/applications/geopi/Pages/Dashboard.aspx?ProjectId=M004059,2025-03-03,1333
M004512,"Cherokee , Cobb",No,I-575 @ 13 Locs - Sign Upgrades,1740995725000,https://www.dot.ga.gov/applications/geopi/Pages/Dashboard.aspx?ProjectId=M004512,2025-03-03,1339
M004516,"DeKalb , Gwinnett",No,SR 10/SR 410/US 78 @ 9 Locs - Sign Upgrades,1740995725000,https://www.dot.ga.gov/applications/geopi/Pages/Dashboard.aspx?ProjectId=M004516,2025-03-03,1343
M004520,Fulton,No,SR 154/SR 166 @ 6 Locs - Sign Upgrades,1740995725000,https://www.dot.ga.gov/applications/geopi/Pages/Dashboard.aspx?ProjectId=M004520,2025-03-03,1350
M004522,Fulton,No,"SR 141 @ Old Alabama RD, Medlock Crossing, And States Bridge",1740995725000,https://www.dot.ga.gov/applications/geopi/Pages/Dashboard.aspx?ProjectId=M004522,2025-03-03,1352
M004538,Fulton,No,SR 3 Conn From SR 14 To SR 3,1740995725000,https://www.dot.ga.gov/applications/geopi/Pages/Dashboard.aspx?ProjectId=M004538,2025-03-03,1353
641900-,Cherokee,No,SR 140 From CR 766-Mp 10.75 To CR 52-Mp 7.86,1740995725000,https://www.dot.ga.gov/applications/geopi/Pages/Dashboard.aspx?ProjectId=641900-,2025-03-03,1363
642040-,Cherokee,No,SR 140 Eb Mp 0.75 To 2.0- Wb Mp 4.8 To 6.0,1740995725000,https://www.dot.ga.gov/applications/geopi/Pages/Dashboard.aspx?ProjectId=642040-,2025-03-03,1364
M005017,Henry,No,SR 20 From Newton County Line To CS 992/Mcgarity Road,1740995725000,https://www.dot.ga.gov/applications/geopi/Pages/Dashboard.aspx?ProjectId=M005017,2025-03-03,1366
642260-,Cherokee,No,CR 770/Bells Ferry Road From N Of Little Rv To N Of Sixes RD,1740995725000,https://www.dot.ga.gov/applications/geopi/Pages/Dashboard.aspx?ProjectId=642260-,2025-03-03,1368
712510-,DeKalb,No,I-285 From I-20 N To Stone Mountain Fwy,1740995725000,https://www.dot.ga.gov/applications/geopi/Pages/Dashboard.aspx?ProjectId=712510-,2025-03-03,1377
712520-,DeKalb,No,I-285 From Stone Mountain Fwy To I-85,1740995725000,https://www.dot.ga.gov/applications/geopi/Pages/Dashboard.aspx?ProjectId=712520-,2025-03-03,1378
0015624,Fulton,No,SR 279 From SR 138 To CR 1391/Flat Shoals Road - Phase II,1740995725000,https://www.dot.ga.gov/applications/geopi/Pages/Dashboard.aspx?ProjectId=0015624,2025-03-03,1388
0015919,DeKalb,No,I-85 Nb From SR 42 To SR 155,1740995725000,https://www.dot.ga.gov/applications/geopi/Pages/Dashboard.aspx?ProjectId=0015919,2025-03-03,1399
0016352,Gwinnett,No,SR 84 @ CR 556/Lakeview Road,1740995725000,https://www.dot.ga.gov/applications/geopi/Pages/Dashboard.aspx?ProjectId=0016352,2025-03-03,1402
0016390,Fulton,No,SR 3 @ CS 2328/Ralph David Abernathy Blvd & CS 2429/Glenn St,1740995725000,https://www.dot.ga.gov/applications/geopi/Pages/Dashboard.aspx?ProjectId=0016390,2025-03-03,1406
0015664,Fulton,No,Campbellton RD From CR 485/Enon RD To CS 2952/Campground RD,1740995725000,https://www.dot.ga.gov/applications/geopi/Pages/Dashboard.aspx?ProjectId=0015664,2025-03-03,1409
0015956,DeKalb,No,SR 155/US 23 From I-85 To CR 1482/Audubon Drive,1740995725000,https://www.dot.ga.gov/applications/geopi/Pages/Dashboard.aspx?ProjectId=0015956,2025-03-03,1412
0015680,DeKalb,No,SR 155 From SR 236 To CR 157/Briarcliff Road,1740995725000,https://www.dot.ga.gov/applications/geopi/Pages/Dashboard.aspx?ProjectId=0015680,2025-03-03,1421
0015682,DeKalb,No,SR 8 From CSX #639758J To CR 1267/N Ponce De Leon Ave,1740995725000,https://www.dot.ga.gov/applications/geopi/Pages/Dashboard.aspx?ProjectId=0015682,2025-03-03,1422
0015701,DeKalb,No,SR 124 From I-20 To CR 4282/Old Covington Highway,1740995725000,https://www.dot.ga.gov/applications/geopi/Pages/Dashboard.aspx?ProjectId=0015701,2025-03-03,1431
0016053,DeKalb,No,Ptree Crk Greenway Trail From Atl To N Druid Hills RD-Phase II,1740995725000,https://www.dot.ga.gov/applications/geopi/Pages/Dashboard.aspx?ProjectId=0016053,2025-03-03,1435
0016056,DeKalb,No,CS 127/Ashford Dunwoody Road @ CS 145/Windsor Pkwy,1740995725000,https://www.dot.ga.gov/applications/geopi/Pages/Dashboard.aspx?ProjectId=0016056,2025-03-03,1447
0016362,Fulton,No,SR 13 @ CS 520/Monroe Drive,1740995725000,https://www.dot.ga.gov/applications/geopi/Pages/Dashboard.aspx?ProjectId=0016362,2025-03-03,1451
0016365,Cherokee,No,SR 92 @ CR 387/Trickum Road,1740995725000,https://www.dot.ga.gov/applications/geopi/Pages/Dashboard.aspx?ProjectId=0016365,2025-03-03,1452
0016067,Gwinnett,No,Norcross Greenway - LCI,1740995725000,https://www.dot.ga.gov/applications/geopi/Pages/Dashboard.aspx?ProjectId=0016067,2025-03-03,1453
0016089,"Barrow , Gwinnett , Hall",No,SR 211 From CS 1274/Pinot Noir Drive To SR 347,1740995725000,https://www.dot.ga.gov/applications/geopi/Pages/Dashboard.aspx?ProjectId=0016089,2025-03-03,1461
0015575,"Newton , Rockdale , Walton",No,SR 138 From Hi Roc Road To SR 81,1740995725000,https://www.dot.ga.gov/applications/geopi/Pages/Dashboard.aspx?ProjectId=0015575,2025-03-03,1465
0015591,"Dawson , Forsyth",No,SR 9 @ CR 741/Bannister Road,1740995725000,https://www.dot.ga.gov/applications/geopi/Pages/Dashboard.aspx?ProjectId=0015591,2025-03-03,1473
M006580,"Forsyth , Gwinnett",No,SR 13; SR 316; SR 317 & SR 369 @ 5 Locs - Bridge Rehab,1740995725000,https://www.dot.ga.gov/applications/geopi/Pages/Dashboard.aspx?ProjectId=M006580,2025-03-03,1488
M006585,Fulton,No,I-75; I-85 & I-285 @ 5 Locs In Fulton - Bridge Preservation,1740995725000,https://www.dot.ga.gov/applications/geopi/Pages/Dashboard.aspx?ProjectId=M006585,2025-03-03,1497
M006428,Clayton,No,SR 85 From Roberts Drive To N Of 85Th Circle,1740995725000,https://www.dot.ga.gov/applications/geopi/Pages/Dashboard.aspx?ProjectId=M006428,2025-03-03,1502
M006592,Gwinnett,No,I-85 From SR 140 To Old Peachtree Road - Express Lanes,1740995725000,https://www.dot.ga.gov/applications/geopi/Pages/Dashboard.aspx?ProjectId=M006592,2025-03-03,1509
M006593,Gwinnett,No,I-85 From Steve Reynolds Blvd To Old Peachtree Road,1740995725000,https://www.dot.ga.gov/applications/geopi/Pages/Dashboard.aspx?ProjectId=M006593,2025-03-03,1510
M006672,Cobb,No,SR 280 From Fulton County Line To SR 5,1740995725000,https://www.dot.ga.gov/applications/geopi/Pages/Dashboard.aspx?ProjectId=M006672,2025-03-03,1513
M006431,Cherokee,No,SR 108 From SR 20 To SR 140,1740995725000,https://www.dot.ga.gov/applications/geopi/Pages/Dashboard.aspx?ProjectId=M006431,2025-03-03,1514
M006522,"Forsyth , Gwinnett , Towns , Union",No,SR 2; SR 141 & SR 400 @ 6 Locs - Bridge Preservation,1740995725000,https://www.dot.ga.gov/applications/geopi/Pages/Dashboard.aspx?ProjectId=M006522,2025-03-03,1518
M006597,DeKalb,No,I-85 @2 Loc & I-285 @2 Loc In Dekalb Co-Bridge Preservation,1740995725000,https://www.dot.ga.gov/applications/geopi/Pages/Dashboard.aspx?ProjectId=M006597,2025-03-03,1522
M006598,Fulton,No,I-20 @1 Loc & I-285 @3 Loc In Fulton Co-Bridge Preservation,1740995725000,https://www.dot.ga.gov/applications/geopi/Pages/Dashboard.aspx?ProjectId=M006598,2025-03-03,1523
M006599,DeKalb,No,SR 10; SR 13 & SR 410 @ 6 Locs In Dekalb-Bridge Preservation,1740995725000,https://www.dot.ga.gov/applications/geopi/Pages/Dashboard.aspx?ProjectId=M006599,2025-03-03,1524
M006673,Fulton,No,SR 140 From SR 9 To Cherokee County Line,1740995725000,https://www.dot.ga.gov/applications/geopi/Pages/Dashboard.aspx?ProjectId=M006673,2025-03-03,1525
M006674,Fulton,No,SR 140 From Gwinnett County Line To SR 9,1740995725000,https://www.dot.ga.gov/applications/geopi/Pages/Dashboard.aspx?ProjectId=M006674,2025-03-03,1526
M006600,DeKalb,No,I-285 @ 4 Locs In Dekalb County - Bridge Preservation,1740995725000,https://www.dot.ga.gov/applications/geopi/Pages/Dashboard.aspx?ProjectId=M006600,2025-03-03,1529
M006601,Fulton,No,I-75 @ 4 Locs In Fulton County - Bridge Preservation,1740995725000,https://www.dot.ga.gov/applications/geopi/Pages/Dashboard.aspx?ProjectId=M006601,2025-03-03,1530
M006603,"Cobb , Fulton , Rockdale",No,Bridge Preservation @ 5 Loc In Cobb; Fulton &Rockdale County,1740995725000,https://www.dot.ga.gov/applications/geopi/Pages/Dashboard.aspx?ProjectId=M006603,2025-03-03,1532
M006605,Fayette,No,SR 85 From SR 92 To SR 92,1740995725000,https://www.dot.ga.gov/applications/geopi/Pages/Dashboard.aspx?ProjectId=M006605,2025-03-03,1533
M006444,"Carroll , Douglas",No,I-20 From SR 61/Carroll To E Of CS 975/Liberty Road/Douglas,1740995725000,https://www.dot.ga.gov/applications/geopi/Pages/Dashboard.aspx?ProjectId=M006444,2025-03-03,1537
M006529,Gwinnett,No,I-85 @ 4 Locs In Gwinnett County - Bridge Preservation,1740995725000,https://www.dot.ga.gov/applications/geopi/Pages/Dashboard.aspx?ProjectId=M006529,2025-03-03,1538
M006531,"Cobb , Fulton",No,Interstate N Pkwy & Powers Ferry@ 2 Loc In Cobb-Bridge Rehab,1740995725000,https://www.dot.ga.gov/applications/geopi/Pages/Dashboard.aspx?ProjectId=M006531,2025-03-03,1540
M006532,"Coweta , Fayette , Troup",No,Bridge Preservation @ 6 Locs In Coweta; Fayette & Troup,1740995725000,https://www.dot.ga.gov/applications/geopi/Pages/Dashboard.aspx?ProjectId=M006532,2025-03-03,1541
M006685,Fulton,No,SR 9 From SR 3 To N Of Paces Ferry RD &SR 9 SO From SR 9 To SR 9,1740995725000,https://www.dot.ga.gov/applications/geopi/Pages/Dashboard.aspx?ProjectId=M006685,2025-03-03,1546
M006533,Clayton,No,I-85 & I-285 @ 5 Locs In Clayton - Bridge Preservation,1740995725000,https://www.dot.ga.gov/applications/geopi/Pages/Dashboard.aspx?ProjectId=M006533,2025-03-03,1550
M006534,Cobb,No,I-75 & I-285 @ 3 Locs In Cobb - Bridge Preservation,1740995725000,https://www.dot.ga.gov/applications/geopi/Pages/Dashboard.aspx?ProjectId=M006534,2025-03-03,1551
M006675,Clayton,No,SR 54 & SR 138 From N Main Street To Henry County Line,1740995725000,https://www.dot.ga.gov/applications/geopi/Pages/Dashboard.aspx?ProjectId=M006675,2025-03-03,1560
M006459,DeKalb,No,SR 155 @ Snapfinger Creek - Bridge Rehab,1740995725000,https://www.dot.ga.gov/applications/geopi/Pages/Dashboard.aspx?ProjectId=M006459,2025-03-03,1565
M006682,Fulton,No,I-75/I-85 From CSX #050315P To Brookwood Interchange,1740995725000,https://www.dot.ga.gov/applications/geopi/Pages/Dashboard.aspx?ProjectId=M006682,2025-03-03,1571
M006684,Fulton,No,SR 14 From Norman Berry Drive To CSX #718047H,1740995725000,https://www.dot.ga.gov/applications/geopi/Pages/Dashboard.aspx?ProjectId=M006684,2025-03-03,1573
M006470,Fulton,No,SR 154 From SR 70 To I-285,1740995725000,https://www.dot.ga.gov/applications/geopi/Pages/Dashboard.aspx?ProjectId=M006470,2025-03-03,1586
M006554,Douglas,No,SR 5 From Central Church Road To SR 8,1740995725000,https://www.dot.ga.gov/applications/geopi/Pages/Dashboard.aspx?ProjectId=M006554,2025-03-03,1602
M006555,Cobb,No,SR 3/US 41 From Fulton County Line To Terrell Mill Road,1740995725000,https://www.dot.ga.gov/applications/geopi/Pages/Dashboard.aspx?ProjectId=M006555,2025-03-03,1603
M006556,DeKalb,No,SR 410/US 78 From I-285 To SR 10,1740995725000,https://www.dot.ga.gov/applications/geopi/Pages/Dashboard.aspx?ProjectId=M006556,2025-03-03,1604
M006558,"Clayton , Fulton",No,SR 14 From SR 14 Alt To SR 154/SR 166,1740995725000,https://www.dot.ga.gov/applications/geopi/Pages/Dashboard.aspx?ProjectId=M006558,2025-03-03,1605
M006485,"Cobb , DeKalb , Fulton",No,Bridge Preservation @ 7 Locs In Cobb|Dekalb & Fulton,1740995725000,https://www.dot.ga.gov/applications/geopi/Pages/Dashboard.aspx?ProjectId=M006485,2025-03-03,1612
M006487,"Clayton , Fulton",No,Bridge Preservation @ 7 Locs In Clayton & Fulton County,1740995725000,https://www.dot.ga.gov/applications/geopi/Pages/Dashboard.aspx?ProjectId=M006487,2025-03-03,1613
M006560,Fulton,No,I-20 From Chattahoochee River To Hill Street,1740995725000,https://www.dot.ga.gov/applications/geopi/Pages/Dashboard.aspx?ProjectId=M006560,2025-03-03,1614
M006562,"Bartow , Cherokee , Cobb",No,I-75 From Frey Road/Cobb To Glade Road/Bartow,1740995725000,https://www.dot.ga.gov/applications/geopi/Pages/Dashboard.aspx?ProjectId=M006562,2025-03-03,1616
M006563,"DeKalb , Fulton",No,I-20 From W Of Hill St/Fulton To W Of Columbia Dr/Dekalb,1740995725000,https://www.dot.ga.gov/applications/geopi/Pages/Dashboard.aspx?ProjectId=M006563,2025-03-03,1617
M006650,"Clayton , Fulton",No,I-85 From S Of SR 139/Clayton To SR 3/Fulton,1740995725000,https://www.dot.ga.gov/applications/geopi/Pages/Dashboard.aspx?ProjectId=M006650,2025-03-03,1625
M006651,Gwinnett,No,I-85 From N Of Old Peachtree Road To I-985,1740995725000,https://www.dot.ga.gov/applications/geopi/Pages/Dashboard.aspx?ProjectId=M006651,2025-03-03,1626
M006495,Fulton,No,SR 8 & SR 8 We From SR 3 To SR 42,1740995725000,https://www.dot.ga.gov/applications/geopi/Pages/Dashboard.aspx?ProjectId=M006495,2025-03-03,1628
M006571,DeKalb,No,I-285 From Snapfinger Road To SR 8,1740995725000,https://www.dot.ga.gov/applications/geopi/Pages/Dashboard.aspx?ProjectId=M006571,2025-03-03,1633
M006653,"Cherokee , Pickens",No,I-575 From Etowah River/Cherokee To SR 372/Pickens,1740995725000,https://www.dot.ga.gov/applications/geopi/Pages/Dashboard.aspx?ProjectId=M006653,2025-03-03,1635
M006500,"Barrow , Forsyth , Hall , Jackson",No,Bridge Preservation @ 4 SR Locs In District 1,1740995725000,https://www.dot.ga.gov/applications/geopi/Pages/Dashboard.aspx?ProjectId=M006500,2025-03-03,1641
M006573,"Cobb , Fulton",No,I-285 @ Chattahoochee River - Bridge Rehab,1740995725000,https://www.dot.ga.gov/applications/geopi/Pages/Dashboard.aspx?ProjectId=M006573,2025-03-03,1642
M006574,"Cherokee , Gordon",No,I-75 @ 4 Locs In Cherokee & Gordon County - Bridge Rehab,1740995725000,https://www.dot.ga.gov/applications/geopi/Pages/Dashboard.aspx?ProjectId=M006574,2025-03-03,1643
M006575,Clayton,No,I-75 & I-285 @ 7 Loc In Clayton County - Bridge Preservation,1740995725000,https://www.dot.ga.gov/applications/geopi/Pages/Dashboard.aspx?ProjectId=M006575,2025-03-03,1644
M006576,Douglas,No,I-20 @ 4 Locs In Douglas County - Bridge Preservation,1740995725000,https://www.dot.ga.gov/applications/geopi/Pages/Dashboard.aspx?ProjectId=M006576,2025-03-03,1645
M006661,Fulton,No,I-285 From Clayton County Line To SR 14,1740995725000,https://www.dot.ga.gov/applications/geopi/Pages/Dashboard.aspx?ProjectId=M006661,2025-03-03,1651
0018381,Gwinnett,No,Traffic Signal Upgrades @ 12 Locs In Gwinnett County,1740995725000,https://www.dot.ga.gov/applications/geopi/Pages/Dashboard.aspx?ProjectId=0018381,2025-03-03,1659
0017789,Cherokee,No,SR 140 From SR 5 Bu To N Of CS 662/Mary Lane In Canton,1740995725000,https://www.dot.ga.gov/applications/geopi/Pages/Dashboard.aspx?ProjectId=0017789,2025-03-03,1670
0018185,Fulton,No,SR 70 @ CR 4176/Cascade Road,1740995725000,https://www.dot.ga.gov/applications/geopi/Pages/Dashboard.aspx?ProjectId=0018185,2025-03-03,1673
0017802,Fulton,No,Atlanta Traffic Signal Enhancement Program - Phase I,1740995725000,https://www.dot.ga.gov/applications/geopi/Pages/Dashboard.aspx?ProjectId=0017802,2025-03-03,1691
0017804,Cherokee,No,SR 140 @ CR 309/Univeter Road,1740995725000,https://www.dot.ga.gov/applications/geopi/Pages/Dashboard.aspx?ProjectId=0017804,2025-03-03,1692
0017806,Cobb,No,Cumberland Core Loop From Galleria Drive To Akers Mill RD-LCI,1740995725000,https://www.dot.ga.gov/applications/geopi/Pages/Dashboard.aspx?ProjectId=0017806,2025-03-03,1693
0017807,DeKalb,No,City Of Chamblee Rail Trail Extension - LCI,1740995725000,https://www.dot.ga.gov/applications/geopi/Pages/Dashboard.aspx?ProjectId=0017807,2025-03-03,1694
0018191,Fulton,No,I-285 From SR 14 To CS 2971/Mt Gilead Road,1740995725000,https://www.dot.ga.gov/applications/geopi/Pages/Dashboard.aspx?ProjectId=0018191,2025-03-03,1695
0018192,Fulton,No,I-285 From CS 2971/Mt Gilead Road To CS 843/Collier Drive,1740995725000,https://www.dot.ga.gov/applications/geopi/Pages/Dashboard.aspx?ProjectId=0018192,2025-03-03,1696
0018193,"Cobb , Fulton",No,I-285 From CS 843/Collier Drive To CR 2838/Paces Ferry Road,1740995725000,https://www.dot.ga.gov/applications/geopi/Pages/Dashboard.aspx?ProjectId=0018193,2025-03-03,1697
0017809,DeKalb,No,South River Trail Ext From Bolder Walk Drive To Crestdale RD,1740995725000,https://www.dot.ga.gov/applications/geopi/Pages/Dashboard.aspx?ProjectId=0017809,2025-03-03,1712
0017811,Douglas,No,SR 92 & CS 532 From Brown Street To Mccarley Street,1740995725000,https://www.dot.ga.gov/applications/geopi/Pages/Dashboard.aspx?ProjectId=0017811,2025-03-03,1713
0017813,Fayette,No,SR 85 @ 1 Loc; SR 279 @ 1 Loc & Corinth Road @ 1 Loc,1740995725000,https://www.dot.ga.gov/applications/geopi/Pages/Dashboard.aspx?ProjectId=0017813,2025-03-03,1714
0017814,Fulton,No,CS 9216/North Point Pkwy From Mansell RD To Haynes Bridge RD,1740995725000,https://www.dot.ga.gov/applications/geopi/Pages/Dashboard.aspx?ProjectId=0017814,2025-03-03,1715
0017815,Fulton,No,Chattahoochee Greenway From SR 120 To Cauley Creek Park,1740995725000,https://www.dot.ga.gov/applications/geopi/Pages/Dashboard.aspx?ProjectId=0017815,2025-03-03,1716
0017821,Rockdale,No,Rockdale Rvr Trail Ext From Rockdale Rvr Trail To Granade Road,1740995725000,https://www.dot.ga.gov/applications/geopi/Pages/Dashboard.aspx?ProjectId=0017821,2025-03-03,1736
0017830,Fulton,No,CS 111/Buice Road @ Johns Creek,1740995725000,https://www.dot.ga.gov/applications/geopi/Pages/Dashboard.aspx?ProjectId=0017830,2025-03-03,1737
0018237,Fulton,No,CS 135/Howell Mill Road @ Peachtree Creek In Atlanta,1740995725000,https://www.dot.ga.gov/applications/geopi/Pages/Dashboard.aspx?ProjectId=0018237,2025-03-03,1794
0018238,"Cherokee , Fulton",No,CS 32/CR 306/Clarity RD @ Little River 8 MI NW Of Alpharetta,1740995725000,https://www.dot.ga.gov/applications/geopi/Pages/Dashboard.aspx?ProjectId=0018238,2025-03-03,1820
0018239,"Coweta , Fulton",No,Atlanta Newnan Road @ Cedar Creek 3 MI W Of Palmetto,1740995725000,https://www.dot.ga.gov/applications/geopi/Pages/Dashboard.aspx?ProjectId=0018239,2025-03-03,1821
0018240,"Cherokee , Fulton",No,Hickory Flat Road/Lower Birmingham Road @ Little River,1740995725000,https://www.dot.ga.gov/applications/geopi/Pages/Dashboard.aspx?ProjectId=0018240,2025-03-03,1822
0017958,Rockdale,No,SR 138 @ CR 122/Dial Mill Road,1740995725000,https://www.dot.ga.gov/applications/geopi/Pages/Dashboard.aspx?ProjectId=0017958,2025-03-03,1850
0017981,Fulton,No,SR 141 Conn From CS 7005/Phipps Blvd To SR 237 - Phase III,1740995725000,https://www.dot.ga.gov/applications/geopi/Pages/Dashboard.aspx?ProjectId=0017981,2025-03-03,1898
0018264,Rockdale,No,Rockdale County School Bus Replacement - Fy 2024,1740995725000,https://www.dot.ga.gov/applications/geopi/Pages/Dashboard.aspx?ProjectId=0018264,2025-03-03,1902
0018265,Cobb,No,SR 280 From CS 1720/Windy Hill Road To CS 1782/Concord Road,1740995725000,https://www.dot.ga.gov/applications/geopi/Pages/Dashboard.aspx?ProjectId=0018265,2025-03-03,1903
0017982,Cherokee,No,SR 140 @ SR 5 Conn,1740995725000,https://www.dot.ga.gov/applications/geopi/Pages/Dashboard.aspx?ProjectId=0017982,2025-03-03,1918
0017983,Cobb,No,SR 120 @ CR 9507/Mars Hill Road,1740995725000,https://www.dot.ga.gov/applications/geopi/Pages/Dashboard.aspx?ProjectId=0017983,2025-03-03,1919
0017989,Cobb,No,Noonday Creek Trail @ SR 3 & @ Noonday Crk-Pedestrian Bridge,1740995725000,https://www.dot.ga.gov/applications/geopi/Pages/Dashboard.aspx?ProjectId=0017989,2025-03-03,1920
0017991,DeKalb,No,CR 5160/North Druid Hills Road @ CSX #639806W,1740995725000,https://www.dot.ga.gov/applications/geopi/Pages/Dashboard.aspx?ProjectId=0017991,2025-03-03,1921
0017992,DeKalb,No,Kensington Marta Station Trail - Phase I,1740995725000,https://www.dot.ga.gov/applications/geopi/Pages/Dashboard.aspx?ProjectId=0017992,2025-03-03,1922
0017993,Fulton,No,SR 6 @ CS 8265/CS 8224/Welcome All Road,1740995725000,https://www.dot.ga.gov/applications/geopi/Pages/Dashboard.aspx?ProjectId=0017993,2025-03-03,1923
0017994,Fulton,No,CS 665/Peachtree Street From SR 154 To Alabama Street - LCI,1740995725000,https://www.dot.ga.gov/applications/geopi/Pages/Dashboard.aspx?ProjectId=0017994,2025-03-03,1924
0018283,Cobb,No,SR 3/US 41 @ SR 5 Conn,1740995725000,https://www.dot.ga.gov/applications/geopi/Pages/Dashboard.aspx?ProjectId=0018283,2025-03-03,1925
0018284,DeKalb,No,SR 8/US 29 @ CR 5160/North Druid Hills Road,1740995725000,https://www.dot.ga.gov/applications/geopi/Pages/Dashboard.aspx?ProjectId=0018284,2025-03-03,1926
0018297,Gwinnett,No,SR 120 From CR 5529/Boles Farm Lane To CR 709/Pine Street,1740995725000,https://www.dot.ga.gov/applications/geopi/Pages/Dashboard.aspx?ProjectId=0018297,2025-03-03,1927
0018298,Fulton,No,SR 3/US 41 @ SR 8,1740995725000,https://www.dot.ga.gov/applications/geopi/Pages/Dashboard.aspx?ProjectId=0018298,2025-03-03,1928
0018301,Fulton,No,SR 3/US 19 From CS 3498/Marietta Street To CS 3352/8Th Street,1740995725000,https://www.dot.ga.gov/applications/geopi/Pages/Dashboard.aspx?ProjectId=0018301,2025-03-03,1929
0018302,Fulton,No,SR 3/US 19 From Greensferry Ave To Joseph E Boone Blvd,1740995725000,https://www.dot.ga.gov/applications/geopi/Pages/Dashboard.aspx?ProjectId=0018302,2025-03-03,1930
0018303,Fulton,No,SR 3/US 19 From Whitehall Street To Greensferry Ave,1740995725000,https://www.dot.ga.gov/applications/geopi/Pages/Dashboard.aspx?ProjectId=0018303,2025-03-03,1931
0017995,Fulton,No,SR 70 From CR 7549/Lakeview Court To CR 2036/Westpark Place,1740995725000,https://www.dot.ga.gov/applications/geopi/Pages/Dashboard.aspx?ProjectId=0017995,2025-03-03,1935
0017998,Gwinnett,No,SR 124 From SR 20 To Barrow County Line - Phase I,1740995725000,https://www.dot.ga.gov/applications/geopi/Pages/Dashboard.aspx?ProjectId=0017998,2025-03-03,1936
0018324,Fulton,No,SR 139 & CS 2328 From Cascade Ave To Murphy Ave - Vru,1740995725000,https://www.dot.ga.gov/applications/geopi/Pages/Dashboard.aspx?ProjectId=0018324,2025-03-03,1937
0018008,"Newton , Rockdale",No,Dial Mill Road @ Little Haynes Creek,1740995725000,https://www.dot.ga.gov/applications/geopi/Pages/Dashboard.aspx?ProjectId=0018008,2025-03-03,1952
0018335,DeKalb,No,SR 10 From SR 155 To Arcadia Ave &From Lakeshore Dr To SR 10-Vru,1740995725000,https://www.dot.ga.gov/applications/geopi/Pages/Dashboard.aspx?ProjectId=0018335,2025-03-03,1958
0018343,Fulton,No,SR 3/US 19 From SR 14 To Greensferry Ave/Mcdaniels Street,1740995725000,https://www.dot.ga.gov/applications/geopi/Pages/Dashboard.aspx?ProjectId=0018343,2025-03-03,1960
0017719,Forsyth,No,SR 20 We From Hudson Street To Mason Street,1740995725000,https://www.dot.ga.gov/applications/geopi/Pages/Dashboard.aspx?ProjectId=0017719,2025-03-03,1973
0018024,Cherokee,No,SR 92 @ CS 998/Main Street,1740995725000,https://www.dot.ga.gov/applications/geopi/Pages/Dashboard.aspx?ProjectId=0018024,2025-03-03,1974
0018033,"DeKalb , Fulton",No,Atlanta Traffic Signal Enhancements - Phase II,1740995725000,https://www.dot.ga.gov/applications/geopi/Pages/Dashboard.aspx?ProjectId=0018033,2025-03-03,1975
0018369,Fulton,No,SR 14 Alt/US 29 @ Hunter Road/Mason Road,1740995725000,https://www.dot.ga.gov/applications/geopi/Pages/Dashboard.aspx?ProjectId=0018369,2025-03-03,1994
0019202,Fulton,No,CS 3695/Peachtree St From Ellis St To Baker St - LCI,1740995725000,https://www.dot.ga.gov/applications/geopi/Pages/Dashboard.aspx?ProjectId=0019202,2025-03-03,2075
0019205,Cherokee,No,CR 8998/Bells Ferry RD From Victory Drive To Summer Drive-LCI,1740995725000,https://www.dot.ga.gov/applications/geopi/Pages/Dashboard.aspx?ProjectId=0019205,2025-03-03,2101
0019206,Cherokee,No,Holly St From Old Holly Springs RD To Holly Springs Pkwy-LCI,1740995725000,https://www.dot.ga.gov/applications/geopi/Pages/Dashboard.aspx?ProjectId=0019206,2025-03-03,2102
0019207,Cobb,No,Powder Springs Silver Comet Trail Connector - LCI,1740995725000,https://www.dot.ga.gov/applications/geopi/Pages/Dashboard.aspx?ProjectId=0019207,2025-03-03,2103
0019208,DeKalb,No,New Peachtree RD From Stewart RD To Oakcliff RD - Phase II - LCI,1740995725000,https://www.dot.ga.gov/applications/geopi/Pages/Dashboard.aspx?ProjectId=0019208,2025-03-03,2104
0019209,DeKalb,No,N Shallowford RD From Chamblee Dunwoody RD To Cotillion Dr-LCI,1740995725000,https://www.dot.ga.gov/applications/geopi/Pages/Dashboard.aspx?ProjectId=0019209,2025-03-03,2162
0019210,Douglas,No,Fairburn Road From CS 578/Hospital Drive To SR 5/SR 8 - LCI,1740995725000,https://www.dot.ga.gov/applications/geopi/Pages/Dashboard.aspx?ProjectId=0019210,2025-03-03,2163
0019211,Fulton,No,North Point Alpha Link Trail - LCI,1740995725000,https://www.dot.ga.gov/applications/geopi/Pages/Dashboard.aspx?ProjectId=0019211,2025-03-03,2164
0019212,Gwinnett,No,Buford Trail Ext From S Lee Street To SR 13 - Phase II - LCI,1740995725000,https://www.dot.ga.gov/applications/geopi/Pages/Dashboard.aspx?ProjectId=0019212,2025-03-03,2165
0019213,Gwinnett,No,Innovation District Trail From Engineering To Woodhill - LCI,1740995725000,https://www.dot.ga.gov/applications/geopi/Pages/Dashboard.aspx?ProjectId=0019213,2025-03-03,2166
0019052,Gwinnett,No,SR 140 @ I-85,1740995725000,https://www.dot.ga.gov/applications/geopi/Pages/Dashboard.aspx?ProjectId=0019052,2025-03-03,2175
0019054,DeKalb,No,Tucker-Northlake Trail From Downtown Tucker To Northlake Mall,1740995725000,https://www.dot.ga.gov/applications/geopi/Pages/Dashboard.aspx?ProjectId=0019054,2025-03-03,2176
0019068,Fulton,No,SR 14 Alt/US 29 @ Derrick Road,1740995725000,https://www.dot.ga.gov/applications/geopi/Pages/Dashboard.aspx?ProjectId=0019068,2025-03-03,2206
0019069,Fulton,No,SR 8 @ SR 70,1740995725000,https://www.dot.ga.gov/applications/geopi/Pages/Dashboard.aspx?ProjectId=0019069,2025-03-03,2207
0019214,Gwinnett,No,Sugar Hill Greenway From SR 20 To Stanley Street - LCI,1740995725000,https://www.dot.ga.gov/applications/geopi/Pages/Dashboard.aspx?ProjectId=0019214,2025-03-03,2226
0019215,Gwinnett,No,Infinite Loop Trail From Sugarloaf Pkwy To St Ives Court - LCI,1740995725000,https://www.dot.ga.gov/applications/geopi/Pages/Dashboard.aspx?ProjectId=0019215,2025-03-03,2227
0019216,Gwinnett,No,Suwanee Loop Trail - LCI,1740995725000,https://www.dot.ga.gov/applications/geopi/Pages/Dashboard.aspx?ProjectId=0019216,2025-03-03,2228
0019131,Fulton,No,SR 92 @ CS 1441/Crabapple Road,1740995725000,https://www.dot.ga.gov/applications/geopi/Pages/Dashboard.aspx?ProjectId=0019131,2025-03-03,2387
0019132,Cobb,No,SR 3/US 41 @ SR 120,1740995725000,https://www.dot.ga.gov/applications/geopi/Pages/Dashboard.aspx?ProjectId=0019132,2025-03-03,2388
0019133,Fulton,No,SR 13 @ CS 434/Lenox Road & @ CS 3465/Sidney Marcus Blvd,1740995725000,https://www.dot.ga.gov/applications/geopi/Pages/Dashboard.aspx?ProjectId=0019133,2025-03-03,2389
0019134,Fulton,No,SR 3 @ CS 4/West Paces Ferry Road,1740995725000,https://www.dot.ga.gov/applications/geopi/Pages/Dashboard.aspx?ProjectId=0019134,2025-03-03,2390
0019136,"Forsyth , Fulton",No,SR 141 From Johns Creek Pkwy/Forsyth To Hospital Pkwy/Fulton,1740995725000,https://www.dot.ga.gov/applications/geopi/Pages/Dashboard.aspx?ProjectId=0019136,2025-03-03,2392
M006291,Clayton,No,SR 3 Conn From SR 3 To N Of CR 392/Upper Riverdale Road,1740995725000,https://www.dot.ga.gov/applications/geopi/Pages/Dashboard.aspx?ProjectId=M006291,2025-03-03,2397
M006381,"Clayton , Fulton",No,I-75 From Cw Grant Pkwy/Clayton To NS #926230L/Fulton,1740995725000,https://www.dot.ga.gov/applications/geopi/Pages/Dashboard.aspx?ProjectId=M006381,2025-03-03,2404
M006181,Gwinnett,No,SR 20 From CS 1227/S Lee Street To CR 105/Laurel Drive,1740995725000,https://www.dot.ga.gov/applications/geopi/Pages/Dashboard.aspx?ProjectId=M006181,2025-03-03,2410
M006124,DeKalb,No,SR 13 From Fulton County Line To CS 757/Chamblee Tucker RD,1740995725000,https://www.dot.ga.gov/applications/geopi/Pages/Dashboard.aspx?ProjectId=M006124,2025-03-03,2415
M005630,Cherokee,No,SR 92 From CS 734/Laurel Wood Drive To Cobb County Line,1740995725000,https://www.dot.ga.gov/applications/geopi/Pages/Dashboard.aspx?ProjectId=M005630,2025-03-03,2428
M005416,Fulton,No,Trees Along Moores Mill RD @ I-75,1740995725000,https://www.dot.ga.gov/applications/geopi/Pages/Dashboard.aspx?ProjectId=M005416,2025-03-03,2448
0016597,Cherokee,No,CR 372/Waters Road @ Mill Creek,1740995725000,https://www.dot.ga.gov/applications/geopi/Pages/Dashboard.aspx?ProjectId=0016597,2025-03-03,2456
0016598,Cherokee,No,CR 375/Vaughn Road @ Mill Creek,1740995725000,https://www.dot.ga.gov/applications/geopi/Pages/Dashboard.aspx?ProjectId=0016598,2025-03-03,2457
0016599,Fulton,No,CS 1472/Waters Road @ Long Indian Creek,1740995725000,https://www.dot.ga.gov/applications/geopi/Pages/Dashboard.aspx?ProjectId=0016599,2025-03-03,2458
0017514,Cobb,No,CR 2089/Angham Road @ NS #719820N - Phase II,1740995725000,https://www.dot.ga.gov/applications/geopi/Pages/Dashboard.aspx?ProjectId=0017514,2025-03-03,2461
0016605,Fulton,No,CR 581/Bethsaida Road @ Morning Creek,1740995725000,https://www.dot.ga.gov/applications/geopi/Pages/Dashboard.aspx?ProjectId=0016605,2025-03-03,2477
0016606,Clayton,No,CR 392/Upper Riverdale Road @ Flint River,1740995725000,https://www.dot.ga.gov/applications/geopi/Pages/Dashboard.aspx?ProjectId=0016606,2025-03-03,2478
0017110,Gwinnett,No,I-85 @ Mcginnis Ferry Road - New Interchange - Phase II,1740995725000,https://www.dot.ga.gov/applications/geopi/Pages/Dashboard.aspx?ProjectId=0017110,2025-03-03,2519
0017113,Gwinnett,No,SR 141 Sb From SR 140 To CR 3958/Winters Chapel Road,1740995725000,https://www.dot.ga.gov/applications/geopi/Pages/Dashboard.aspx?ProjectId=0017113,2025-03-03,2529
0017116,Cobb,No,SR 120 @ CR 8228/Ernest Barrett Pkwy,1740995725000,https://www.dot.ga.gov/applications/geopi/Pages/Dashboard.aspx?ProjectId=0017116,2025-03-03,2530
0017124,"Cobb , Fulton",No,I-285 From Atlanta RD To Northside Dr-Top End Express Lanes ,1740995725000,https://www.dot.ga.gov/applications/geopi/Pages/Dashboard.aspx?ProjectId=0017124,2025-03-03,2538
0017135,"DeKalb , Fulton",No,I-285 From Northside Dr To N Shallowford RD-Top End Express Ln,1740995725000,https://www.dot.ga.gov/applications/geopi/Pages/Dashboard.aspx?ProjectId=0017135,2025-03-03,2539
0017187,Fulton,No,SR 120 From North Point Pkwy To Kimball Bridge Road,1740995725000,https://www.dot.ga.gov/applications/geopi/Pages/Dashboard.aspx?ProjectId=0017187,2025-03-03,2561
0016475,DeKalb,No,SR 8/SR 10/US 23 @ Lullwater Creek,1740995725000,https://www.dot.ga.gov/applications/geopi/Pages/Dashboard.aspx?ProjectId=0016475,2025-03-03,2565
0016476,Fulton,No,SR 9/US 19 @ CSX #639817J In Atlanta,1740995725000,https://www.dot.ga.gov/applications/geopi/Pages/Dashboard.aspx?ProjectId=0016476,2025-03-03,2566
0016509,Cherokee,No,SR 108 @ Shoal Creek 4.5 MI SW Of Waleska,1740995725000,https://www.dot.ga.gov/applications/geopi/Pages/Dashboard.aspx?ProjectId=0016509,2025-03-03,2577
0017398,Fulton,No,SR 92 @ CR 515/Jones Road & @ CR 485/Demooney Road,1740995725000,https://www.dot.ga.gov/applications/geopi/Pages/Dashboard.aspx?ProjectId=0017398,2025-03-03,2598
0017399,DeKalb,No,SR 410/US 78 @ CR 9476/Mountain Ind Blvd,1740995725000,https://www.dot.ga.gov/applications/geopi/Pages/Dashboard.aspx?ProjectId=0017399,2025-03-03,2611
0017401,Fulton,No,SR 42 @ CS 2199/United Ave & CS 2935/Skyhaven Road - Vru,1740995725000,https://www.dot.ga.gov/applications/geopi/Pages/Dashboard.aspx?ProjectId=0017401,2025-03-03,2612
0017402,Fulton,No,I-75 Nb Ramps @ CS 253/Moores Mill Road,1740995725000,https://www.dot.ga.gov/applications/geopi/Pages/Dashboard.aspx?ProjectId=0017402,2025-03-03,2613
0017404,Gwinnett,No,I-85 Nb Ramp @ CR 134/Hamilton Mill Road,1740995725000,https://www.dot.ga.gov/applications/geopi/Pages/Dashboard.aspx?ProjectId=0017404,2025-03-03,2614
0017405,Gwinnett,No,SR 124 @ Hamilton Mill RD & @ Hamilton Creek Pkwy,1740995725000,https://www.dot.ga.gov/applications/geopi/Pages/Dashboard.aspx?ProjectId=0017405,2025-03-03,2615
0016579,"Clayton , Fayette",No,CR 191/CR 363/Mcdonough Road @ Flint River,1740995725000,https://www.dot.ga.gov/applications/geopi/Pages/Dashboard.aspx?ProjectId=0016579,2025-03-03,2635
0016580,Fulton,No,CS 1323/Hopewell Road @ Chicken Creek,1740995725000,https://www.dot.ga.gov/applications/geopi/Pages/Dashboard.aspx?ProjectId=0016580,2025-03-03,2636
0016581,Fulton,No,CS 4/Birmingham Road @ Chicken Creek Trib,1740995725000,https://www.dot.ga.gov/applications/geopi/Pages/Dashboard.aspx?ProjectId=0016581,2025-03-03,2637
0016582,Fulton,No,CS 34/Freemanville Road @ Cooper Sandy Creek,1740995725000,https://www.dot.ga.gov/applications/geopi/Pages/Dashboard.aspx?ProjectId=0016582,2025-03-03,2638
0016583,Gwinnett,No,CR 243/Brooks Road @ Alcovy River,1740995725000,https://www.dot.ga.gov/applications/geopi/Pages/Dashboard.aspx?ProjectId=0016583,2025-03-03,2639
0016975,Forsyth,No,Pilgrim Mill Road From Holtzclaw Road To Tidwell Park,1740995725000,https://www.dot.ga.gov/applications/geopi/Pages/Dashboard.aspx?ProjectId=0016975,2025-03-03,2647
