Project_ID,Project_URL,Total_Cost,Project_manager,Description
0000297,https://www.dot.ga.gov/applications/geopi/Pages/Dashboard.aspx?ProjectId=0000297,34881555.61,Jason W. Mobley,"This project proposes to widen the 4-lanes of US 19 to make them 12'. It also proposes to add a raised median. The project begins at the intersection of US 19 and County Road and ends at the intersection of US 19 and Atwater Road approximately 2 miles north of Thomaston. Also, as part of this project, Delray road will be realigned to intersect with US 19 and Jimmerson Road. A signal will be added at this location."
0001339,https://www.dot.ga.gov/applications/geopi/Pages/Dashboard.aspx?ProjectId=0001339,18479286.0,Albert V. Shelby III,
0004407,https://www.dot.ga.gov/applications/geopi/Pages/Dashboard.aspx?ProjectId=0004407,0.0,Stanley Hill,"The proposed project would consist of maintenance and operational improvements along Lower Fayetteville Road from Greison Trail to SR 54 (Fischer Road) in Coweta County. The existing 2-lane roadway's pavement would be widened 2 feet on each side, except in the area of the Chandler's Lake Dam where all widening would occur on the southern side of the roadway. The project would include leveling and resurfacing of the roadway, as well as shoulder improvements. The intersections of Lower Fayetteville Road with Sullivan Road, Lora Smith Road, and Parks Road would be improved to include turn lanes. The proposed project would generally be constructed within the existing 80-foot right-of-way, except at the intersections, which are to be improved. Approx. 20 feet of right-of-way will be acquired at each intersection. The total project length is approx. 9.65 miles. Traffic would be maintained on the existing roadways during construction. This is a local let GRTA Arterial project."
0005749,https://www.dot.ga.gov/applications/geopi/Pages/Dashboard.aspx?ProjectId=0005749,3662032.52,Albert V. Shelby III,Project would add one lane in each direction along Whittlesey Road from Bradley Park Drive to Whitesville Road.
0006317,https://www.dot.ga.gov/applications/geopi/Pages/Dashboard.aspx?ProjectId=0006317,1336000.0,Albert V. Shelby III,
0006878,https://www.dot.ga.gov/applications/geopi/Pages/Dashboard.aspx?ProjectId=0006878,33258618.0,Albert V. Shelby III,
0006903,https://www.dot.ga.gov/applications/geopi/Pages/Dashboard.aspx?ProjectId=0006903,16499000.0,Albert V. Shelby III,
0006905,https://www.dot.ga.gov/applications/geopi/Pages/Dashboard.aspx?ProjectId=0006905,32406755.0,Albert V. Shelby III,
0006965,https://www.dot.ga.gov/applications/geopi/Pages/Dashboard.aspx?ProjectId=0006965,46528000.0,Albert V. Shelby III,
0006966,https://www.dot.ga.gov/applications/geopi/Pages/Dashboard.aspx?ProjectId=0006966,38105000.0,Albert V. Shelby III,
0006967,https://www.dot.ga.gov/applications/geopi/Pages/Dashboard.aspx?ProjectId=0006967,6029344.72,Shanda G. Caldwell,"This project improves operations at 4 intersections of the SR 36/74 one-way pair in downtown Thomaston. 1. South Green Street @ West Main Street (SR 74 Alt) - radius improvements 2. South Green Street (SR 36) @ West Gordon Street (SR 74) - radius improvements 3. East Gordon Street (SR 36/74) @ South Bethel Street - radius improvements, lane reconfiguration 4. East Main Street (SR 36/74) @ Bethel Street/Barnesville (SR 36) - roundabout"
0006968,https://www.dot.ga.gov/applications/geopi/Pages/Dashboard.aspx?ProjectId=0006968,3284080.2,Albert V. Shelby III,
0006969,https://www.dot.ga.gov/applications/geopi/Pages/Dashboard.aspx?ProjectId=0006969,12211000.0,Albert V. Shelby III,
0006970,https://www.dot.ga.gov/applications/geopi/Pages/Dashboard.aspx?ProjectId=0006970,945000.0,Albert V. Shelby III,
0006972,https://www.dot.ga.gov/applications/geopi/Pages/Dashboard.aspx?ProjectId=0006972,93752055.17,Albert V. Shelby III,
0007044,https://www.dot.ga.gov/applications/geopi/Pages/Dashboard.aspx?ProjectId=0007044,5394158.72,Justin Pritchard,"The bridge on SR 85 over Lane Street, Structure ID 199-0032-0, was built in 1941. The bridge consists of three spans of steel beams on concrete caps and concrete columns. This bridge was designed using an H-15 vehicle, which is below the current design standards. The overall condition of this bridge would be classified as fair. The deck is in fair condition with minor concrete cracking and efflorescence. The superstructure is in fair condition. The substructure is in fair condition with moderate concrete cracking and spalls. Due to the structural integrity of the bridge, replacement is recommended."
0007640,https://www.dot.ga.gov/applications/geopi/Pages/Dashboard.aspx?ProjectId=0007640,1498614.09,Albert V. Shelby III,"This proposed trail is identified in the CHCRG Trail Master Plan. The trail will provide a loop through the previously undeveloped park acreage and terminate at Old Newnan Road which connects to S.R. 16 about one mile to the west. Here, S.R. 16 is Georgia Bike Route 5, the Chattahoochee Trace route. The CHCRG network will eventually extend the trail further to the southeast and the northwest along the Chattahoochee River; the network reaches 9 miles to the southeast along the river to Chattahoochee Bend State Park and 30 miles to the northwest along the river to Sweetwater Creek State Park. Nearby planned spurs of the CHCRC will eventually connect the trail to Whitesburg, Historic Banning Mills, and Dunaway Gardens."
0007837,https://www.dot.ga.gov/applications/geopi/Pages/Dashboard.aspx?ProjectId=0007837,45306375.78,Albert V. Shelby III,
0007864,https://www.dot.ga.gov/applications/geopi/Pages/Dashboard.aspx?ProjectId=0007864,118684227.0,Albert V. Shelby III,
0007870,https://www.dot.ga.gov/applications/geopi/Pages/Dashboard.aspx?ProjectId=0007870,81034804.64,Albert V. Shelby III,
0007871,https://www.dot.ga.gov/applications/geopi/Pages/Dashboard.aspx?ProjectId=0007871,38667196.0,Albert V. Shelby III,
0007879,https://www.dot.ga.gov/applications/geopi/Pages/Dashboard.aspx?ProjectId=0007879,338877192.14,Albert V. Shelby III,
0007880,https://www.dot.ga.gov/applications/geopi/Pages/Dashboard.aspx?ProjectId=0007880,36429066.25,Albert V. Shelby III,
0007881,https://www.dot.ga.gov/applications/geopi/Pages/Dashboard.aspx?ProjectId=0007881,196058281.87,Albert V. Shelby III,
0007891,https://www.dot.ga.gov/applications/geopi/Pages/Dashboard.aspx?ProjectId=0007891,46505565.2,Albert V. Shelby III,
0007904,https://www.dot.ga.gov/applications/geopi/Pages/Dashboard.aspx?ProjectId=0007904,12249025.0,Albert V. Shelby III,
0008423,https://www.dot.ga.gov/applications/geopi/Pages/Dashboard.aspx?ProjectId=0008423,606432.5,Albert V. Shelby III,"This project proposed to improve the intersection of SR 101 @ Tumlin Lake Rd by adding left and right turn lanes. The entire project lies within Carroll County. Current (2016) Average Annual Daily Traffic (AADT) along SR 101 is 8450 with 5% truck traffic. Future (2041) traffic volumes are projected (assuming an annual growth rate of 1%) to be 11,000 AADT. Currently, the intersection operates at a C level of service during peak hour. Installing turn lanes on SR 101 would improve the Level of Service to a B level. The crash rate the SR 101 @ Tumlin Lake intersection between 2013 to 2016 (which is the latest data available) was above the statewide average for similar functional classifications of intersections (State Route with Other, Rural, Unsignalized Intersection). Additionally, during the past 5 years, there have been 6 correctible injury crashes."
0008598,https://www.dot.ga.gov/applications/geopi/Pages/Dashboard.aspx?ProjectId=0008598,5891900.5200000005,Scott Mann,"This bridge (Structure ID 113-5024-0; CR 287 over Whitewater Creek) was built in 1965. The bridge consists of four spans of reinforced concrete deck girders on steel piles, concrete columns and concrete caps. The design vehicle used for this bridge is below the current standards. This bridge is currently posted. The overall condition of this bridge would be classified as satisfactory to good. The deck and superstructure are in good condition with some minor problems. The substructure is in satisfactory condition due to minor scour. Due to the structural integrity of the bridge and the bridge being posted replacement is recommended."
0008619,https://www.dot.ga.gov/applications/geopi/Pages/Dashboard.aspx?ProjectId=0008619,21740691.2,Antoniette K Moseley,"To widen SR-154 to a four through lanes from SR-154/US-29 to SR-54 in Coweta County. Approximately 8.57 miles in length. Benefits include improving mobility and reducing congestion, enhancing economic development, and/or reducing crash frequencies along SR-154."
0008669,https://www.dot.ga.gov/applications/geopi/Pages/Dashboard.aspx?ProjectId=0008669,43822000.0,Albert V. Shelby III,
0008670,https://www.dot.ga.gov/applications/geopi/Pages/Dashboard.aspx?ProjectId=0008670,10878000.0,Albert V. Shelby III,
0008671,https://www.dot.ga.gov/applications/geopi/Pages/Dashboard.aspx?ProjectId=0008671,14192000.0,Albert V. Shelby III,
0008672,https://www.dot.ga.gov/applications/geopi/Pages/Dashboard.aspx?ProjectId=0008672,8153000.0,Albert V. Shelby III,
0008673,https://www.dot.ga.gov/applications/geopi/Pages/Dashboard.aspx?ProjectId=0008673,7663000.0,Albert V. Shelby III,
0008674,https://www.dot.ga.gov/applications/geopi/Pages/Dashboard.aspx?ProjectId=0008674,31735659.56,Justin L. Akins,SR 109 From County Road 206/ Callway Church To CountyRoad 238/ Chipley Mt-ville widening
0008675,https://www.dot.ga.gov/applications/geopi/Pages/Dashboard.aspx?ProjectId=0008675,23855000.0,Albert V. Shelby III,
0008676,https://www.dot.ga.gov/applications/geopi/Pages/Dashboard.aspx?ProjectId=0008676,14200000.0,Albert V. Shelby III,
0008677,https://www.dot.ga.gov/applications/geopi/Pages/Dashboard.aspx?ProjectId=0008677,18456000.0,Albert V. Shelby III,
0008678,https://www.dot.ga.gov/applications/geopi/Pages/Dashboard.aspx?ProjectId=0008678,17066000.0,Albert V. Shelby III,
0008682,https://www.dot.ga.gov/applications/geopi/Pages/Dashboard.aspx?ProjectId=0008682,9721000.0,Albert V. Shelby III,
0008704,https://www.dot.ga.gov/applications/geopi/Pages/Dashboard.aspx?ProjectId=0008704,6400000.0,,
0008705,https://www.dot.ga.gov/applications/geopi/Pages/Dashboard.aspx?ProjectId=0008705,6400000.0,,
0008708,https://www.dot.ga.gov/applications/geopi/Pages/Dashboard.aspx?ProjectId=0008708,1250000.0,,
0009293,https://www.dot.ga.gov/applications/geopi/Pages/Dashboard.aspx?ProjectId=0009293,3343000.0,Albert V. Shelby III,
0009836,https://www.dot.ga.gov/applications/geopi/Pages/Dashboard.aspx?ProjectId=0009836,8044432.4,Shari Williams,"The project proposes a four-legged, hybrid roundabout that includes SR 5 (north and south), Banks Mill Road, and Pool Road. The project would also construct a southbound left-turn lane from SR 5 onto Big A Road. Dorsett Shoals Rd would intersect SR 5 200 feet to the north of the proposed roundabout. The project is located in Douglas County, approximately 4 miles south of the city limits of Douglasville."
0009901,https://www.dot.ga.gov/applications/geopi/Pages/Dashboard.aspx?ProjectId=0009901,6284289.61,David B. Lott,The purpose of this project is to enhance safety and improve operational efficiency at the intersections of I-20 and Waco Road (CR 348) by converting both intersections to a single lane roundabouts.
0009967,https://www.dot.ga.gov/applications/geopi/Pages/Dashboard.aspx?ProjectId=0009967,4415267.13,Daniel Chastain,"This project is a single lane roundabout at SR 14/US 29 and SR 41/US 27 Alt at the border of Moreland, Ga. in Coweta County. Once completed, this project is anticipated to reduce crash frequency and severity."
0009975,https://www.dot.ga.gov/applications/geopi/Pages/Dashboard.aspx?ProjectId=0009975,16620914.55,Sonja Thompson,"This project will replace the existing two-way, stop-controlled ramp terminals with two newly constructed roundabouts at the interchange of I-85 and SR 18. The project is located the City of West Point in southern Troup County. The project length is approximately 0.25 miles.The existing diamond interchange of I-85 and SR 18 consists of four ramps with two-way stop control. The ramps exiting I-85 onto SR 18 each have two lanes, one for left turns and one for right turns. The entrance ramps to I-85 from SR 18 each have one lane. SR 18 is a four-lane divided highway with left-turn lanes onto the entrance ramps. There are no sidewalks. There are four existing bridges in the project area. I-85 crosses SR 18 with two bridges, and SR 18 crosses Long Cane Creek with two bridges. There are no major utilities in the area, but there are distribution lines for power, water, gas, and communications."
0010441,https://www.dot.ga.gov/applications/geopi/Pages/Dashboard.aspx?ProjectId=0010441,34899163.0,Albert V. Shelby III,
0012624,https://www.dot.ga.gov/applications/geopi/Pages/Dashboard.aspx?ProjectId=0012624,2497108.04,Antoniette K Moseley,"A 10-ft wide multi-use path along Redwine Road between Birkdale Drive and Newhaven Drive (a distance of 4,300 feet) with a similar path between Preserve Place and Foreston Place (a distance of 3,600 feet. Includes crossing improvements near Old Ivy / Carnoustie Way and other path improvements along Redwine Road as deemed appropriate and feasible."
0012800,https://www.dot.ga.gov/applications/geopi/Pages/Dashboard.aspx?ProjectId=0012800,121246855.32,Albert V. Shelby III,Widening of I-85 from I-185 to SR 54/SR 100. Work will stop on this project once the concept report is approved.
0012801,https://www.dot.ga.gov/applications/geopi/Pages/Dashboard.aspx?ProjectId=0012801,102577711.37,Albert V. Shelby III,Widening of I-85 from SR 54/SR 100/Troup County to 0.2 Miles North of Cr 417/Meriwether County. Work will stop on this project once concept report is approved.
0012878,https://www.dot.ga.gov/applications/geopi/Pages/Dashboard.aspx?ProjectId=0012878,6376250.0,Antoniette K Moseley,"The project will improve the pedestrian and cycling crossing facility along SR 54. The pedestrian bridge will be located approximately 941¿ from of Piedmont Fayette Hospital at the intersection of Togwotee Parkway and SR 54. The bridge will be approximately 165¿ long. The bridge will be elevated no less than 18¿ 6¿ to meet minimum clearance requirement for SR 54. The shared-use trail will be 12¿ wide and will ramp up to the overpass bridge. The proposed trail location north of SR 54 will continue northbound to connect to Piedmont Fayette Hospital. On the south side of SR 54, the trail will ramp down into the existing grade and continue east along the south side of SR 54. The trail will connect to the existing shared-use trail along Lester Road."
0013063,https://www.dot.ga.gov/applications/geopi/Pages/Dashboard.aspx?ProjectId=0013063,106885434.0,Albert V. Shelby III,
0013064,https://www.dot.ga.gov/applications/geopi/Pages/Dashboard.aspx?ProjectId=0013064,168606397.15,Joo Kim,PI # 0013064 is a widening project that extends along SR 109 from SR 41 in Meriwether County to SR 18 in Pike County. This widening project has a construction date of 2034. This project will provide additional capacity to improve mobility and reduce congestion.
0013065,https://www.dot.ga.gov/applications/geopi/Pages/Dashboard.aspx?ProjectId=0013065,22906598.74,Albert V. Shelby III,
0013066,https://www.dot.ga.gov/applications/geopi/Pages/Dashboard.aspx?ProjectId=0013066,24739243.88,Albert V. Shelby III,
0013173,https://www.dot.ga.gov/applications/geopi/Pages/Dashboard.aspx?ProjectId=0013173,4573636.67,Andrew Bryant,This project proposes pedestrian upgrades at 30 locations in Carroll and Haralson County. These improvements are anticipated to improve pedestrian mobility at each intersection.
0013195,https://www.dot.ga.gov/applications/geopi/Pages/Dashboard.aspx?ProjectId=0013195,17674099.28,Antoniette K Moseley,"This project is the proposed Madras Connector Phase 1, PI 0013195, will begin at SR 14/US 29 with a new single-lane roundabout located at the access road to Fire Station #6 and then run easterly across CSX Railroad and Herring Road via a new bridge, and temporarily terminate at the east side of Herring Road with an access road to existing Herring Road. The project is a New Roadway, Reconstruction which includes a bridge over CSX RR, and a Roundabout."
0013373,https://www.dot.ga.gov/applications/geopi/Pages/Dashboard.aspx?ProjectId=0013373,21563337.939999998,Nakeeta Batson,"Bradley Park Dr at SR 22/US 80/JR Allen Pkwy,currently a cloverleaf interchange, this project proposes to change the intersection to a Diverging Diamond Interchange (DDI). The DDI will include 2 new signals on the E & W sides of the existing Bradley Park DR overpass bridge. The current bridge will be retained & modified to accommodate the DDI. A 5 ft wide sidewalk will be added on the outside except across the existing bridge at the DDI, where 8 feet sidewalk will be added in the median The existing cloverleaf ramps will be removed, leaving only the diamond ramps with the DDI. A 48-hr max temporary detour will be necessary for construction staging."
0013531,https://www.dot.ga.gov/applications/geopi/Pages/Dashboard.aspx?ProjectId=0013531,45053075.39,Antoniette K Moseley,"It is proposed to widen SR 20 to a 4-lane (11 to 12 ft. lanes) facility with a 20 ft. raised median, with median breaks constructed at designated locations. The 4-lane section would end at Phillips Drive by creating a right-turn bay eastbound and adding a lane westbound. Proposed right turn and left turn lanes would be added as needed throughout the corridor. Bicycle and pedestrian improvements are also proposed, including a 5 ft. sidewalk on the south side of SR 20 and a multi-use path on the north side. A notable feature of the project is a proposed multi-lane roundabout at the existing SR 20 intersection with McDonough Parkway."
0013568,https://www.dot.ga.gov/applications/geopi/Pages/Dashboard.aspx?ProjectId=0013568,67815000.0,Anthony T. Tate,
0013600,https://www.dot.ga.gov/applications/geopi/Pages/Dashboard.aspx?ProjectId=0013600,3477608.4299999997,Chad White,"The bridge on SR 109 over Norfolk Southern Railroad, Structure ID 199-0047-0, was built in 1937. The bridge consists of three spans of steel beams on concrete caps and concrete columns. The bridge was designed using an H-15 vehicle, which is below the current design standards. The overall condition of this bridge would be classified as fair. The deck is in fair condition. The deck has spalls with exposed rebar and transverse cracks that extend through the deck with efflorescence. The superstructure is in fair condition. The steel beams have varying section loss in all spans of the bridge. The substructure is in satisfactory condition. Due to the structural integrity of the bridge pertaining to the design vehicle, the deterioration of the deck, and the section loss in the beams, replacement of this bridge is recommended."
0013601,https://www.dot.ga.gov/applications/geopi/Pages/Dashboard.aspx?ProjectId=0013601,7271354.64,Bryan Williams,"Project 0013601 is located approximately 10 miles North of the City of Columbus, Georgia in Muscogee County and will replace the SR 219 / River Rd bridge at Schley Creek. The Project begins approximately 1 mile North of SR 219 / Bigger Rd intersection and approximately 0.10 miles South of SR 219 / Schley Rd intersection for a total project length of 0.50 miles."
0013717,https://www.dot.ga.gov/applications/geopi/Pages/Dashboard.aspx?ProjectId=0013717,15045347.440000001,Phillip Payne,The project proposes to replace the bridge on SR 54 over Bear Creek in Coweta County built in 1947 due to being classified as functionally obsolete. The total length of the project is approximately 0.39 mile. The proposed bridge would replace the existing bridge over Bear Creek utilizing an off-site detour to maintain traffic during the anticipated 18 months of construction.
0013721,https://www.dot.ga.gov/applications/geopi/Pages/Dashboard.aspx?ProjectId=0013721,4411893.16,Leo Perez,"A second right lane on the 1-85 southbound exit ramp and signalize the dual right turn lanes from the I-85 southbound exit ramp onto SR 34. A right turn on red will be prohibited. Additionally, a lane will be constructed on westbound SR 34 in a section approximately 400ft east of the I-85 southbound exit ramp to approximately 400ft east of Millard Farmer Industrial Blvd in Coweta County. Proposed improvements includes reconstructing sidewalks."
0013726,https://www.dot.ga.gov/applications/geopi/Pages/Dashboard.aspx?ProjectId=0013726,22609474.409999996,Randy Blair,"The proposed project is a Displaced Left Turn (DLT) at the intersection of SR 54 and SR 74. The project will install a single displaced left turn lane from SR 74 southbound to SR 54 eastbound, and will provide dual displaced left turn lanes from SR 74 northbound to SR 54 westbound. The project will create an additional right turn from SR 74 southbound onto SR 54 westbound, and signalize the new dual right turn lanes. The right turn from SR 54 eastbound to SR 74 southbound will also be signalized."
0013734,https://www.dot.ga.gov/applications/geopi/Pages/Dashboard.aspx?ProjectId=0013734,7148483.24,Scott Mann,"The bridge on SR 85 over Whitewater Creek, Structure ID 113-0009-0, was built in 1950. This bridge consists of 3 spans of steel beams on concrete caps with concrete columns and was designed using an H-15 vehicle, which is below current design standards. A structural analysis shows that it has no reserve capacity in the superstructure. The bridge is classified as functionally obsolete. The deck is in satisfactory condition with minor cracking with efflorescence. The superstructure is in satisfactory condition with moderate section loss in the steel beams at the bearing areas, minor cracking in the concrete caps, columns and minor abrasion on the concrete columns at the waterline. Due to the age of the structure, integrity of the bridge pertaining to the design vehicle, and the functional obsolescence of the bridge, replacement of this bridge is recommended."
0013740,https://www.dot.ga.gov/applications/geopi/Pages/Dashboard.aspx?ProjectId=0013740,15247830.99,Matthew Sanders,This project will replace a bridge located on State Route 166 over Big Indian Creek in Carroll County.
0013928,https://www.dot.ga.gov/applications/geopi/Pages/Dashboard.aspx?ProjectId=0013928,11477898.0,Recheal Mcmullin,"The bridge on SR 16 over Flint River, Structure ID 255-0012-0, was built in 1960. This bridge consists of three (3) main spans of steel beams with five (5) approach spans of Reinforced Concrete Deck Girders (RCDG¿s). The main spans rest on concrete caps with concrete columns, while the approach spans are on concrete caps with steel piles. The bridge was designed using an HS-20 vehicle, which is below current design standards. The superstructure is in satisfactory condition with deflection cracking and spalls with exposed rebar in the RCDG¿s. The substructure is in satisfactory condition with corrosion with section loss on the steel piles at the waterline and moderate abrasion on the concrete columns. Due to the structural analysis of the structure, the structural integrity of the bridge pertaining to the design vehicle, and the unknown foundation of the substructure, replacement of this 57-year-old bridge is recommended."
0013930,https://www.dot.ga.gov/applications/geopi/Pages/Dashboard.aspx?ProjectId=0013930,8207806.819999999,kenneth Wicks,The bridge on SR 54 over Shoal Creek was built in 1947. This bridge consists of six (6) spans on concrete caps with concrete columns. The deck is in fair condition with moderate cracking and scaling throughout and spalls with exposed rebar. This bridge is classified as having an unknown foundation and scour has exposed the footings at the intermediate bents. Due to the structural integrity of the bridge pertaining to the design vehicle it will be upgraded to current standards.
0013941,https://www.dot.ga.gov/applications/geopi/Pages/Dashboard.aspx?ProjectId=0013941,9112872.7,Victor Gill,The project proposes the replacement of the existing 244-foot long bridge with a new 330-foot bridge with a bridge clear width of 40 feet. The bridge over Flat Shoal Creek currently consists of two 12-foot lanes and approximately 2-foot outside shoulders. The proposed bridge consists of two 12-foot lanes and 8-foot outside shoulders. The proposed bridge will be built approximately 7 feet above existing deck height to prevent the 100-year storm overtopping the roadway. An off-site detour will be established during construction of the project.
0013942,https://www.dot.ga.gov/applications/geopi/Pages/Dashboard.aspx?ProjectId=0013942,5855345.65,Victor Gill,"SR 1 at Long Cane Creek is a bridge replacement project located in Troup County on State Route (SR) 1/ United States Highway (US) 27, 3.5 miles southeast of LaGrange, Georgia. The project proposes the replacement of the existing 120-foot long bridge with a new 150-foot bridge with a bridge clear width of 40 feet. The existing bridge over Long Cane Creek currently consists of two 12-foot lanes with curb and gutter. The proposed bridge consists of two 12-foot lanes and two 8- foot outside shoulders and built approximately 8 feet above the existing deck height. An onsite detour bridge will be utilized during construction of the project to ensure maintenance of traffic; the overall project length will be approximately 0.3 miles."
0013960,https://www.dot.ga.gov/applications/geopi/Pages/Dashboard.aspx?ProjectId=0013960,6040915.66,Recheal Mcmullin,"The bridge was built in 1945. This bridge consists of five (5) spans of timber decking on timber caps with timber piles. This bridge is classified as structural deficient due to the critical condition of the timber piles in the substructure. The bridge was built using an unknown design load. The overall condition of this bridge would be classified as poor. The deck is in good condition. The superstructure is in satisfactory condition with minor checking and decay throughout. The substructure is in poor condition with deterioration and rot of the timber piles and timber caps. Due to the closure of the bridge structure, the structural integrity of the bridge pertaining to the design vehicle, and the structurally deficient classification, replacement of this 72 year old bridge is recommended."
0013999,https://www.dot.ga.gov/applications/geopi/Pages/Dashboard.aspx?ProjectId=0013999,7703002.51,Sonja Thompson,Bridge replacement project on SR 18 EB & WB AT LONG CANE CREEK IN WEST POINT.
0014077,https://www.dot.ga.gov/applications/geopi/Pages/Dashboard.aspx?ProjectId=0014077,47022099.22,Shanda G. Marsh,"This project proposes new construction of a four-lane facility connecting SR 1/US 27 to CR 282/Youngs Mill Road and the existing LaGrange Bypass/North Davis Road. The proposed project was programmed in November 2015 at the request of the Office of Planning. The southern project limit be located at North Davis Road, 2100-ft east of the Youngs Mill Road and Davis Bypass intersection, where the project will tie into PI# 0014078. The northern project limit will tie into the existing four-lane section of US 27, approximately 1350-ft north of the intersection of US 27/SR 1 and the LaGrange Bypass. This project would also convert a sharp 90° curve on US 27 into a 3-way intersection. The total length of project is 2.0 miles."
0014078,https://www.dot.ga.gov/applications/geopi/Pages/Dashboard.aspx?ProjectId=0014078,46717630.05,Shanda G. Marsh,"This project is a widening of Davis Bypass/N Davis Road in LaGrange, as part of the greater LaGrange Bypass. The project is the middle section of 3 projects to allow traffic (trucks in particular), to circumvent the city without passing through downtown. PI 0014078 covers the 2.5 mile middle section, intersecting Hammett Road (currently stop controlled) and ending at SR 14."
0014079,https://www.dot.ga.gov/applications/geopi/Pages/Dashboard.aspx?ProjectId=0014079,44928414.29,Shanda G. Marsh,"The proposed project would widen SR 14 Spur/S. Davis Road from the intersection of SR 109/Lafayette Parkway to the intersection of SR 14/U.S. 29/Hogansville Road. In approximately 2,500 feet from SR 109/Lafayette Parkway, bridge structure (identification 285-0021-0) over the CSX railroad willalso be replaced. The project would total approximately 1.50 miles."
0014085,https://www.dot.ga.gov/applications/geopi/Pages/Dashboard.aspx?ProjectId=0014085,7727858.75,Whitney Duncan,"This project will replace overhead and post mounted signs along I-85 From approximately 0.3 miles south of the Alabama/Georgia State Line and extending north through Harris, Troup, Meriwether and Coweta Counties to a point approximately 0.8 miles north of CR 548/Collinsworth Road in Coweta County. All within the existing I-85 Right of Way."
0014168,https://www.dot.ga.gov/applications/geopi/Pages/Dashboard.aspx?ProjectId=0014168,11946169.33,Joo Kim,"This project consists of two bridges on SR 34 in Heard County. Both of these bridges were designed using an H-15 vehicle, which is below current design standards. Both bridges are also classified as functionally obsolete due to their narrow deck width. The bridge on SR 34 over Chattahoochee River Tributary, Structure ID 149-0008-0, was built in 1936. The bridge consists of three (3) spans of Reinforced Concrete Deck Girders (RCDG¿s) on concrete caps with concrete piles. The deck is in fair condition. The substructure is in satisfactory condition. The bridge on SR 34 over Daniel Shoals, Structure ID 149-0009-0, was built in 1937. The bridge consists of three (3) spans of Reinforced Concrete Deck Girders (RCDG¿s) on concrete caps with concrete columns. The overall condition of this bridge would be classified as fair. The superstructure is in fair condition with minor deflection cracking."
0014884,https://www.dot.ga.gov/applications/geopi/Pages/Dashboard.aspx?ProjectId=0014884,38713140.0,Albert V. Shelby III,
0014885,https://www.dot.ga.gov/applications/geopi/Pages/Dashboard.aspx?ProjectId=0014885,39644803.0,Albert V. Shelby III,
0014886,https://www.dot.ga.gov/applications/geopi/Pages/Dashboard.aspx?ProjectId=0014886,26408278.0,Albert V. Shelby III,
0014887,https://www.dot.ga.gov/applications/geopi/Pages/Dashboard.aspx?ProjectId=0014887,68940666.0,Albert V. Shelby III,
0014888,https://www.dot.ga.gov/applications/geopi/Pages/Dashboard.aspx?ProjectId=0014888,74270390.82,Albert V. Shelby III,
0014893,https://www.dot.ga.gov/applications/geopi/Pages/Dashboard.aspx?ProjectId=0014893,33405839.83,Albert V. Shelby III,
0015314,https://www.dot.ga.gov/applications/geopi/Pages/Dashboard.aspx?ProjectId=0015314,2803321.02,Shannon Dodd,This project proposes adding an additional 650' left turn lane to the I-85 Southbound exit ramp and providing appropriate receiving lanes for the dual lest turns. Additional Eastbound receiving lanes would terminate at the intersection of SR 154 and Raymond Hill Rd. Also proposed is the reconfiguration of the SR 154 Eastbound approach at the intersection of the I-85 Southbound ramp to include two through lanes and one 195' channelized right turn lane.
0015408,https://www.dot.ga.gov/applications/geopi/Pages/Dashboard.aspx?ProjectId=0015408,200000.0,Stenley K. Mack,
0015417,https://www.dot.ga.gov/applications/geopi/Pages/Dashboard.aspx?ProjectId=0015417,2131734.73,Monte Lester,"Bridge Replacement of Wildwood Road @ Bear Creek. The bridge is deficient and requires posting due to cracking on the deck, corrosion and rusting on all beams and scour under both abutments."
0015537,https://www.dot.ga.gov/applications/geopi/Pages/Dashboard.aspx?ProjectId=0015537,12680902.65,Ashley Folmar,"This project will replace the bridge over the Little Tallapoosa River. The proposed project consists of rebuilding the bridge in place while utilizing staged construction to keep traffic open during construction. The proposed roadway will consist of four 12-foot lanes, a 14-foot flush median and 12-foot urban shoulders."
0015558,https://www.dot.ga.gov/applications/geopi/Pages/Dashboard.aspx?ProjectId=0015558,4749488.02,Victor Gill,"The project proposes to replace the bridge on SR 41/Roosevelt Highway over Coleman Creek in Meriwether County, located 4miles south of Luthersville, GA. The total length of the project is approximately 0.34 miles beginning 720 feet south of the existing bridge abutment and ending 960 feet north of the existing bridge abutment. The proposed project consists of constructing a new 140-ft long by 43.08-ft wide bridge over Coleman Creek that will be constructed at the current location along the existing roadway centerline. Tier 1 off-site detour will be utilized during construction."
0015615,https://www.dot.ga.gov/applications/geopi/Pages/Dashboard.aspx?ProjectId=0015615,5278573.8,Bianca Wilson,"This project will replace the existing 180ft length bridge built in 1964 over Ten Mile Creek. The proposed 170ft length bridge will be designed for two 12ft lanes and 8ft shoulders. The bridge approaches will consist of one 12ft lane in each direction and 8ft rural shoulders, 4ft being paved. The bridge will be replaced in-place with the use of an off-site detour."
0015679,https://www.dot.ga.gov/applications/geopi/Pages/Dashboard.aspx?ProjectId=0015679,6565688.42,Zebedee Martin,This project proposes to construct a single-lane roundabout at SR 8/US 78 at CS 352/CS 968/Conners Road in Villa Rica in western Douglas County near the eastern border of Carroll County. The project has a proposed length of 0.2 mile. The roundabout will connect SR 8/US 78 with Conners Road while E Montgomery Street will be squared up into a tee.
0015689,https://www.dot.ga.gov/applications/geopi/Pages/Dashboard.aspx?ProjectId=0015689,5289585.32,Susan Smith,This project proposes to install a single lane roundabout at the intersection of SR 81 at New Morn Drive/CR 204. The existing intersection is all-way stop controlled. The project length is 0.8 miles.
0015694,https://www.dot.ga.gov/applications/geopi/Pages/Dashboard.aspx?ProjectId=0015694,4759584.859999999,Susan Smith,"The proposed project is located on the western edge of Carrollton, Georgia. The proposed project consists of converting the intersection of SR 16 at Beulah Church Road into a single lane roundabout in Carroll County and would include pedestrian crossings and five-foot sidewalks. The estimated project length is 0.80 miles."
0015844,https://www.dot.ga.gov/applications/geopi/Pages/Dashboard.aspx?ProjectId=0015844,7391233.39,Lakisha Carter,"This project proposes to construct a single lane roundabout at the intersection of SR 14 at Corinth Road in Newnan, Coweta County. This includes the closure of a private railroad at-grade crossing near the SR 14 bridge over CSX railroad. The overall project length is 0.40 miles."
0016108,https://www.dot.ga.gov/applications/geopi/Pages/Dashboard.aspx?ProjectId=0016108,4308145.66,Chris Penuel,The project proposes to install a single lane roundabout at intersection of SR 16 and Columbia Drive/Brumbelow Road. Each leg of the proposed single lane roundabout will have raised medians (splitter islands)and curb and gutter on the approaches. The length of project is 0.34 mile.
0016110,https://www.dot.ga.gov/applications/geopi/Pages/Dashboard.aspx?ProjectId=0016110,2548378.59,Susan Smith,This project consists of installing turn lane improvements at SR 101 at Old Draketown Trail in order to mitigate the current safety issue at the intersection and improve the level of service. The improvement consists of a center turn lane that will facilitate left turn movements from SR 101 to Old Draketown Trail and Legion Lake Road. Old Draketown Trail will be realigned to correct intersection skew.
0016113,https://www.dot.ga.gov/applications/geopi/Pages/Dashboard.aspx?ProjectId=0016113,4481007.84,Daniel Chastain,"This project proposes a single lane roundabout with pedestrian accommodations at the currently side street stop-controlled intersection of SR 41/Roosevelt Highway at Judson Bulloch Road in Meriwether County, Georgia. The overall project length is 0.40 miles."
0016466,https://www.dot.ga.gov/applications/geopi/Pages/Dashboard.aspx?ProjectId=0016466,10938563.469999999,Destinie Seide,"This project proposes to install a single lane roundabout at the intersections of Rocky Branch Road to SR 61 and a multi-lane roundabout at the intersection of SR 8 FROM CS 919, in Carroll County."
0016527,https://www.dot.ga.gov/applications/geopi/Pages/Dashboard.aspx?ProjectId=0016527,1179000.0,Vernisha Walker,"This project proposes to replace the existing 175 ft x 32.2 ft concrete bridge with a new 190 ft x 39.08 ft reinforced concrete bridge on SR 362 @ Red Oak Creek. The approaches will consist of two-12-ft travel lanes with 8-ft shoulders (2-ft paved) and open ditches. The proposed bridge will be raised approximately 1.66 ft above the existing bridge. The proposed project will be approximately 1,185 feet (0.224 miles) in length. Traffic will be maintained on an Off-Site Detour."
0016574,https://www.dot.ga.gov/applications/geopi/Pages/Dashboard.aspx?ProjectId=0016574,9238430.95,Rhonda Hines,"This bridge (Structure ID 199-0056-0; Flat Shoals Road over Flint River) was built in 1958. The bridge consists of seven spans of four steel beams on concrete caps with concrete and steel piling. The structure is 574 foot long by 26 feet wide. This is a two way two lane structure, which lands at a small island midstream near a middle span."
0016576,https://www.dot.ga.gov/applications/geopi/Pages/Dashboard.aspx?ProjectId=0016576,5032890.12,Muhanad AlRawi,"The proposed project would replace the existing bridge at County Road (CR) 261/Old Corinth Road at Sandy Creek in Coweta County, Georgia. The new single span bridge would be approximately 110 feet long and approximately 38.25 feet wide. Total length of the project would be approximately 0.3 mile. The proposed typical section of the roadway would consist of two 11-foot lanes with 6.5-foot paved shoulders. The project would utilize a shift near the bridge and a minor widening to avoid the stream located parallel to the roadway. The project proposes to close the road during construction and an off-site detour would be utilized. Required right-of-way width would be approximately 145 feet."
0016577,https://www.dot.ga.gov/applications/geopi/Pages/Dashboard.aspx?ProjectId=0016577,3291853.86,Jasmine Chatman,"This project is the replacement of the bridge on CR 824/West Hickory Level Road at the Little Tallapoosa River. This project is paired with the replacement of the bridge on CR 824/West Hickory Level Road at the Little Tallapoosa River Tributary. The proposed projects begin around 300 feet west of the existing bridge over the Little Tallapoosa Tributary and extend 375 feet east of the existing bridge crossing the Little Tallapoosa River, for an approximate total length of 1150 feet (0.22 miles)."
0016578,https://www.dot.ga.gov/applications/geopi/Pages/Dashboard.aspx?ProjectId=0016578,2538987.4699999997,Jasmine Chatman,"This project is the replacement of the bridge on CR 824/West Hickory Level Road at the Little Tallapoosa River Tributary. This project is paired with the replacement of the bridge on CR 824/West Hickory Level Road at the Little Tallapoosa River. The proposed projects begin around 300 feet west of the existing bridge over the Little Tallapoosa Tributary and extend 375 feet east of the existing bridge crossing the Little Tallapoosa River, for an approximate total length of 1150 feet (0.22 miles)."
0016579,https://www.dot.ga.gov/applications/geopi/Pages/Dashboard.aspx?ProjectId=0016579,8091298.1,Muhanad AlRawi,This project will replace an existing bridge along McDonough Rd over the Flint River between Zoie Ct and Tara Rd in Clayton and Fayette Counties. The existing rural two lane bridge will be replaced with a similar rural two lane bridge that meets current standards. The project will utilize an offsite detour with an expected duration of 9 to 12 months.
0016840,https://www.dot.ga.gov/applications/geopi/Pages/Dashboard.aspx?ProjectId=0016840,2012242.6099999999,Matthew Sanders,This Low Impact Bridge Replacement Project is for CR 35 (Bethesda Church Road) crossing Indian Creek located 2.23 miles Northwest of Roopville. The existing bridge is 91-ft x 24-ft and is deficient which requires posting due to cracking in the beams and spans one and five have shifted 1 inch. It will be replaced with a 150-ft x 33-ft wide structure allowing for two 11-feet lanes with paved shoulders and concrete barriers on each side. During construction an offsite detour will be required for less than a year.
0016841,https://www.dot.ga.gov/applications/geopi/Pages/Dashboard.aspx?ProjectId=0016841,1336956.3699999999,Matthew Sanders,"This is a Low Impact Bridge Replacement Project of Asbury Road crossing Trestle Creek located 1 mile North of Temple. The existing bridge is 42-ft long x 23.8-ft wide and is deficient which requires posting due to pitted piles, a void in riprap at abutment three and the piles were driven incorrectly. The new Structure will be 80-ft long x 33-ft wide featuring two 10-ft wide lanes with paved shoulders and concrete barriers on each side. The roadway approaches will be widened to 10-ft at the bridge and taper back down to the existing roadway within the project limits. During construction an offsite detour will be required for less than a year."
0016926,https://www.dot.ga.gov/applications/geopi/Pages/Dashboard.aspx?ProjectId=0016926,1584440.63,Michelle Wright,Intelligent Transportation System (ITS) Expansion along the corridor of I-185 from I-85 to Victory Drive. This project includes installing of closed-circuit television and vehicle detection systems to support Traffic Operations Navigator ATMS platform and motorist. The project proposes installing CCTVs at 15 proposed locations and 2 DMSs.
0017139,https://www.dot.ga.gov/applications/geopi/Pages/Dashboard.aspx?ProjectId=0017139,4959959.46,Bryanna Saunders,The project proposes to construct a roundabout at the intersection of SR 219 @ CR 419/Wares Cross Road/Cameron Mill Road. The project is located in Troup County and is approximately 0.40 miles long.
0017222,https://www.dot.ga.gov/applications/geopi/Pages/Dashboard.aspx?ProjectId=0017222,6890478.03,Matthew Sanders,"This project consists of replacing two steel pipe culverts on SR 113 in Carroll County. Both culverts built in 1950 and are assumed to be an H-15 design, which is below our current design standard. The structure over Allen Creek, ID# 045-0038-0, is a 2-barrel corrugated metal pipe culvert with concrete sandbag head walls and dirt aprons. The concrete sandbag headers have started to fall out exposing the supporting dirt around the culvert barrels. There is 3 feet of scour at the inlet end of barrel 1 and 4 to 5 feet of undermining on the outlet end of barrels 1 and 2. The structure over Bethel Creek, ID# 045-0039-0, is a 3-barrel corrugated metal pipe culvert with concrete sandbag head walls and dirt aprons. The concrete sandbag headers have failed on the inlet end in between barrels 1 and 2 exposing the supporting dirt around the culvert barrels. The protective coating has worn away from the bottom halves of these metal pipes allowing the exposed steel to corrode."
0017424,https://www.dot.ga.gov/applications/geopi/Pages/Dashboard.aspx?ProjectId=0017424,3040760.33,Jemillatu Lewally,"Bridge Replacement of Concord Road at Birch Creek. This bridge is deficient and requires posting due to intermediate bents out of alignment, all caps have vertical cracking with efflorescence."
0017812,https://www.dot.ga.gov/applications/geopi/Pages/Dashboard.aspx?ProjectId=0017812,6105189.0,April Mckown,"This project will patch, mill, and resurface the following roadways within Fayette County: 85 Connector (from SR 85 to Woods Road), New Hope Road (from SR 92 to City Limit), Banks Road (from SR 85 to County Line), Banks Road (from City Limits to SR 54), McIntosh Trail (Peachtree Parkway to Robinson Road), and Ebenezer Road (Robinson Road to City Limit). The proposed work on Kelly Drive (From SR 74 to Planterra Way) and Dogwood Trail (from Senoia Road to Farr Road) consists of Full depth reclaimation."
0017842,https://www.dot.ga.gov/applications/geopi/Pages/Dashboard.aspx?ProjectId=0017842,4080000.0,Andrew Bryant,This project proposes signal upgrades along SR 8 at 8 locations in Carroll & Haralson Counties.
0017937,https://www.dot.ga.gov/applications/geopi/Pages/Dashboard.aspx?ProjectId=0017937,10573988.86,Tynise Woods,"The project consists of replacement of the existing bridge over CSX Railroad, Structure ID 199-0035-0 in Woodbury. The bridge will include two 11-foot lanes and 8-foot shoulders. The roadway approaches will include two 11-foot lanes and 8-foot overall shoulders, 4-foot of which is paved. A temporary off-site detour will be used for staging traffic. The temporary detour will utilize State Route 41, State Route 173, State Route 85, and State Route 109/State Route 18 and increase route length from 10.3 miles to 12.3 miles, a net length increase of 2.0 miles. The proposed bridge will consist of a 70-foot span, an 80-foot span, and four 70-foot spans and will require raising the vertical alignment approximately 1.25-feet for vertical clearance requirements over the railroad. The proposed project length is 0.6 miles."
0017940,https://www.dot.ga.gov/applications/geopi/Pages/Dashboard.aspx?ProjectId=0017940,9528650.92,Tynise Woods,"The project consists of replacement of the existing bridge over Elkins Creek, Structure ID 231-0004-0 0.9 miles south of Molena. The bridge will include two 12-foot lanes and 10-foot shoulders. The roadway approaches will include two 12-foot lanes and 10-foot overall shoulders, 4-foot of which is paved. A temporary on-site detour will be utilized for staging traffic. The temporary detour will utilize an on-site temporary bridge west of the existing bridge. The proposed bridge will consist of two 45-foot spans, three 50-foot spans, and a 45-foot span and will require raising the vertical alignment approximately 1.8-feet for vertical clearance requirements over Elkins Creek. The proposed project length is 0.4 miles."
0017965,https://www.dot.ga.gov/applications/geopi/Pages/Dashboard.aspx?ProjectId=0017965,4480000.0,Susan Smith,This project proposes to construct a Diverging Diamond Interchange at SR 61 at I-20 on and off ramps.
0017966,https://www.dot.ga.gov/applications/geopi/Pages/Dashboard.aspx?ProjectId=0017966,1040287.48,Jagpreet Ghuman,"This project would install reduced conflict U-turn (RCUT) (stop sign controlled) at SR 61 @ Commerce Dr and install RCUT (Signalized)at SR 61 @ Meadowlark Dr. This project is outside Villa Rica, GA in Carrol County and is approximately 0.40 miles in length. This project is programmed as a safety project."
0018022,https://www.dot.ga.gov/applications/geopi/Pages/Dashboard.aspx?ProjectId=0018022,3720000.0,Rianon Rudolfer,"This project consists of single-lane roundabouts with bypass lanes on I-85 northbound and southbound ramps along SR54 / SR100. Proposed improvements will be within the ROW with an approximate project length of 0.5 miles. As part of this project, pedestrian infrastructure will be integrated."
0018037,https://www.dot.ga.gov/applications/geopi/Pages/Dashboard.aspx?ProjectId=0018037,244592.86,Lakeshia Denise Osborn,"Off-system safety project including 95.59 miles of updating highway signs, striping and pavement markings at 37 locations in Fayette County"
0018231,https://www.dot.ga.gov/applications/geopi/Pages/Dashboard.aspx?ProjectId=0018231,3049031.5,Michael Carter,"Bridge Replacement @ CR 21/HAPPY VALLEY ROAD @ BROWNS CREEK 6 MI N OF NEWNAN The purpose of this project is to replace the bridge on CR21/ Happy Valley Road over Browns Creek in the Coweta County, located 6 miles north of Newnan, GA. Existing Right of way is 80 ft. Proposed Right of way varies from 80 ft to 110 ft. The total length of the project is approximately 0.16 miles beginning 420 ft south of the existing bridge abutment and ending 380 ft north of the existing bridge abutment. The proposed project consists of constructing a new bridge over Browns Creek that is approximately 60 ft long and 40¿- 1¿ ft wide that will be constructed at the current location along the existing roadway centerline. Traffic will utilize an off-site detour during construction."
0018244,https://www.dot.ga.gov/applications/geopi/Pages/Dashboard.aspx?ProjectId=0018244,3711336.99,Michael Carter,"Bridge Replacement @ CR 211/RIDGEWAY ROAD @ CEDAR CREEK 7 MI W OF FRANKLIN The project proposes to replace the existing bridge on County Road (CR) 211/Ridgeway Road over Cedar Creek (Bridge Serial No. 149-5040-0). The bridge is located 7 miles west of Franklin, Georgia in Heard County and was built in 1969. The 120-foot-long bridge is a 3-span reinforced concrete T-Beam bridge supported by reinforced concrete intermediate bents and pile end bents. The bridge is 32.6-footwide, carrying 2 lanes with a total curb-to-curb width of 28.8 feet. The proposed lane width on the bridge is 12 feet with 3 feet shoulder. Bridge barriers consist of concrete post and railing. The bridge is posted with load restrictions."
0018330,https://www.dot.ga.gov/applications/geopi/Pages/Dashboard.aspx?ProjectId=0018330,3775644.75,Lakisha Carter,A single-lane roundabout is recommended to be installed at the intersection of SR 54 and Gordon Road in Coweta County. The proposed safety improvements are expected to provide some of the highest crash mitigation and operational benefits.
0018352,https://www.dot.ga.gov/applications/geopi/Pages/Dashboard.aspx?ProjectId=0018352,3800000.0,Joo Kim,Contruct a 10' multi-use trail on Cherokee Avenue from Garrard Street to Slade Drive and from Slade Drive to the Fall Line Trace Trail.
0018376,https://www.dot.ga.gov/applications/geopi/Pages/Dashboard.aspx?ProjectId=0018376,2968000.0,Ivie Goorsky,This project proposes to reconstruct the intersection of SR 34 at SR 100 in the City of Franklin in Heard County into a conventional single lane roundabout. Each leg of the proposed single lane roundabout will have raised splitter islands and rural shoulders.
0018394,https://www.dot.ga.gov/applications/geopi/Pages/Dashboard.aspx?ProjectId=0018394,4803000.0,Ivie Goorsky,This project would construct a roundabout at the intersection of SR 8 @ CS 693/Mangham Drive in Haralson County.
0019042,https://www.dot.ga.gov/applications/geopi/Pages/Dashboard.aspx?ProjectId=0019042,4750000.0,Alexander Lakes,This project would construct a roundabout at the intersection of SR 155 @ CR 498/N McDonough Road in Spalding County.
0019045,https://www.dot.ga.gov/applications/geopi/Pages/Dashboard.aspx?ProjectId=0019045,4800000.0,Ivie Goorsky,This project proposes a roundabout at the intersection of SR 16 @ Wild Plum Road near the new airport and industrial area in Spalding County.
0019048,https://www.dot.ga.gov/applications/geopi/Pages/Dashboard.aspx?ProjectId=0019048,2854835.71,Alexander Lakes,This project proposes to construct a single-lane roundabout at the intersection of State Route 120 and Rebel Way near Haralson County High School in Haralson County.
0019066,https://www.dot.ga.gov/applications/geopi/Pages/Dashboard.aspx?ProjectId=0019066,1200000.0,Darrius Lee,This project proposes to address existing profile issues on SR 1/US 27 at the Norfolk Southern railroad grade crossing. The scope of work is subject to change as the project develops.
0019120,https://www.dot.ga.gov/applications/geopi/Pages/Dashboard.aspx?ProjectId=0019120,3525000.0,Michael Carter,Bridge replacement project @ CR 217/VAN BUREN ROAD @ LITTLE TOWALIGA RIVER
0019121,https://www.dot.ga.gov/applications/geopi/Pages/Dashboard.aspx?ProjectId=0019121,1875000.0,Michael Carter,Bridge replacement project @ CR 51 (CANNAFAX FARM ROAD) / LITTLE POTATO CREEK
0019122,https://www.dot.ga.gov/applications/geopi/Pages/Dashboard.aspx?ProjectId=0019122,2400000.0,Michael Carter,Bridge replacement project @ CR 77/ETHERIDGE MILL ROAD @ POTATO CREEK 2 MI W OF MILNER
0019123,https://www.dot.ga.gov/applications/geopi/Pages/Dashboard.aspx?ProjectId=0019123,1875000.0,Tynise Woods,Bridge replacement at CR 25/WILLIAMS MILL ROAD @ LITTLE POTATO CREEK TRIB Pike: 0.40 miles
0019135,https://www.dot.ga.gov/applications/geopi/Pages/Dashboard.aspx?ProjectId=0019135,2367605.5,Leo Perez,"The proposed improvement includes: Constructing signalized dual right turn lanes along the SR 22 EB exit ramp and dual left turn lanes along the SR 22 WB exit ramps. Also, the SR 1/Veterans Pkwy NB right turn lane at the SR 22 WB ramps will be realigned to improve sight distance."
0019227,https://www.dot.ga.gov/applications/geopi/Pages/Dashboard.aspx?ProjectId=0019227,94713.98,Lakeshia Denise Osborn,The proposed project will provide striping and signing improvements on Kings Road in Pike County. The project has a total project length of 4.0 miles.
0019237,https://www.dot.ga.gov/applications/geopi/Pages/Dashboard.aspx?ProjectId=0019237,52298.6,Lakeshia Denise Osborn,"This project will install center and edge line striping on CR 146/Broad Street in Haralson County, beginning from Renee Drive, Tallapoosa, GA, to the Alabama state line. The project has a total length of 3.17 miles."
0019468,https://www.dot.ga.gov/applications/geopi/Pages/Dashboard.aspx?ProjectId=0019468,2704000.0,Bryanna Saunders,This project proposes to install a single lane roundabout at the existing intersection of SR 16 at Clem Lowell Road/ Old Newnan Road.
0019508,https://www.dot.ga.gov/applications/geopi/Pages/Dashboard.aspx?ProjectId=0019508,5000000.0,William Lee Eastin,
0019509,https://www.dot.ga.gov/applications/geopi/Pages/Dashboard.aspx?ProjectId=0019509,7000000.0,William Lee Eastin,
0019510,https://www.dot.ga.gov/applications/geopi/Pages/Dashboard.aspx?ProjectId=0019510,4000000.0,William Lee Eastin,
0019516,https://www.dot.ga.gov/applications/geopi/Pages/Dashboard.aspx?ProjectId=0019516,25000000.0,William Lee Eastin,
0019518,https://www.dot.ga.gov/applications/geopi/Pages/Dashboard.aspx?ProjectId=0019518,800000.0,William Lee Eastin,
0019524,https://www.dot.ga.gov/applications/geopi/Pages/Dashboard.aspx?ProjectId=0019524,12800000.0,William Lee Eastin,
0019531,https://www.dot.ga.gov/applications/geopi/Pages/Dashboard.aspx?ProjectId=0019531,12200000.0,William Lee Eastin,
0019634,https://www.dot.ga.gov/applications/geopi/Pages/Dashboard.aspx?ProjectId=0019634,100400000.0,Shanda G. Marsh,"This project proposes to widen and reconstruct Lower Fayetteville Road from Greison Trail to Lora Smith Road from a 2-lane rural facility to a variable 3 to 4 lane urban roadway, adding pedestrian and bicycle accommodations. The bridge over I-85 is proposed to be reconstructed to accommodate the proposed roadway improvements. A new bridge is also proposed over White Oak Creek to meet hydraulic requirements."
0019635,https://www.dot.ga.gov/applications/geopi/Pages/Dashboard.aspx?ProjectId=0019635,12550000.0,Antoniette K Moseley,"The project anticipates extending the widening of Poplar Road by adding additional through lanes in each direction so that there are 2 through lanes in each direction. There are 27 parcels anticipated, with no displacements expected. The anticipated environmental document is a Categorical Exclusion (CE). The project includes 2 roundabouts and is within 5 miles of the Newton-Coweta County Airport."
0019645,https://www.dot.ga.gov/applications/geopi/Pages/Dashboard.aspx?ProjectId=0019645,5406540.98,Alexander Lakes,This project proposes to widen the roadway to create a two-way left turn lane on SR 14/US 29 between Vernon Road and Broad Street in the City of LaGrange.
0019662,https://www.dot.ga.gov/applications/geopi/Pages/Dashboard.aspx?ProjectId=0019662,4010714.0,Alexander Lakes,This project proposes to construct roundabouts at the intersection of State Route 315 and the I-185 northbound and southbound ramps.
0019684,https://www.dot.ga.gov/applications/geopi/Pages/Dashboard.aspx?ProjectId=0019684,1510000.0,Ivie Goorsky,This project proposes a two-way left turn lane along State Route 113 near the intersection of Pleasant Ridge Road in Carroll County.
0019710,https://www.dot.ga.gov/applications/geopi/Pages/Dashboard.aspx?ProjectId=0019710,1891730.56,Damian McSwain,"Bridge Replacement of Beaver Lake Road at Shoals Creek. This bridge is deficient and requires posting due to insufficient load carrying capacity, timber back wall deterioration, beam distortion and rotation, weld plate disconnections, and roadway approach erosion."
0019777,https://www.dot.ga.gov/applications/geopi/Pages/Dashboard.aspx?ProjectId=0019777,16180000.0,April Mckown,"The request for funding is for the P/E phase of a downtown streetscape and roadway modification project for Main Street, Temple Street, and a small section of N. Carroll Road. The conceptual plan for the project includes the elimination of Main Street from N. Carroll Road to N. Candler Street, and the rerouting of the primary traffic corridor onto Temple Street."
0019783,https://www.dot.ga.gov/applications/geopi/Pages/Dashboard.aspx?ProjectId=0019783,3754716.25,April Mckown,This project is located in Coweta County with the City of Newnan as the sponsor. The project will begin at the intersection of Sprayberry Road & Jefferson Street and conclude at Greison Trail and Jefferson Street. The project intends to construct a realignment at the intersection of Sprayberry Road and Jefferson Street and incorporate a roundabout at the intersection of Greison Trail and Jefferson Street. The project is approximately 0.06 miles. Other elements include: a Shared Use Path on both sides of the road as well as pedestrian lighting.
0019784,https://www.dot.ga.gov/applications/geopi/Pages/Dashboard.aspx?ProjectId=0019784,4735000.0,Chidurum Ekeke,"The project would add a second left turn lane and extend the left turn lanes on the Poplar road approach to SR 6, providing additional storage for left-turning traffic and would add a second eastbound receiving lane on SR 16 to accept traffic from the dual left turn lanes on Poplar Road."
0019835,https://www.dot.ga.gov/applications/geopi/Pages/Dashboard.aspx?ProjectId=0019835,819459.32,Shari Williams,"This project proposes the following safety improvements along State Route 113: A signal upgrade on State Route 113 @ North Park Street, a runaround install on State Route 113 @ Brandy Chase, and systemic signing and marking improvements on State Route 113 from North Park Street to Zachary Drive."
0019930,https://www.dot.ga.gov/applications/geopi/Pages/Dashboard.aspx?ProjectId=0019930,830942.37,Lakeshia Denise Osborn,"This project includes Off-System Safety Improvements (i.e., signing and marking) at 11 locations in Meriwether County. The project has a total project length of 73.04 miles."
0019938,https://www.dot.ga.gov/applications/geopi/Pages/Dashboard.aspx?ProjectId=0019938,6745000.0,Tynise Woods,Bridge Replacement at SR 16 @ NS #718713V IN GRIFFIN Newton: 0.20 miles
0019939,https://www.dot.ga.gov/applications/geopi/Pages/Dashboard.aspx?ProjectId=0019939,10290000.0,Tynise Woods,Bridge replacement at SR 3/US 19 SB & NB @ SR 362 IN GRIFFIN Spalding: 0.40 Miles
0019940,https://www.dot.ga.gov/applications/geopi/Pages/Dashboard.aspx?ProjectId=0019940,3900000.0,Tynise Woods,Bridge Replacement at MOON ROAD @ WILDCAT CREEK 7 MI W OF GRIFFIN Spalding: 0.20 miles
0019957,https://www.dot.ga.gov/applications/geopi/Pages/Dashboard.aspx?ProjectId=0019957,428660.46,Lakeshia Denise Osborn,This project will add or upgrade pavement markings at 8 locations in in Douglas County. The project has a total project length of 31.11 miles.
0020087,https://www.dot.ga.gov/applications/geopi/Pages/Dashboard.aspx?ProjectId=0020087,3576028.0,Stenley K. Mack,"SR 1/Martha Berry Highway at SR 166 ramps is located in Carroll County in Carrollton.The proposed improvement would add a third northbound and southbound through lane on SR 1/Marth Berry Highway. Additionally, it would widen to allow protective-permissive northbound and southbound left turns on SR 1/Martha Berry Highway at Central High Road. The improvement would also close the median opening at Sue Alice Lane and convert the side streets to right in right out, redirecting vehicles to U-turn locations downstream. Additionally, the connection of Cottage Hill Rd to the western driveway would be removed to reduce the risk of angle crashes and provide a more efficient intersection. To accomplish these improvements, widening would be required along SR 1/Martha Berry Highway, both to the inside of the median and on the outside at some parts."
0020110,https://www.dot.ga.gov/applications/geopi/Pages/Dashboard.aspx?ProjectId=0020110,4850000.0,Lawrence Brown,
0020113,https://www.dot.ga.gov/applications/geopi/Pages/Dashboard.aspx?ProjectId=0020113,1081269.0,Stenley K. Mack,"The proposed improvement would extend the westbound dual left lanes by 300 feet, capturing the entire queue for AM and PM peak hours in the right turn lanes in the design year. Additionally, a second northbound right lane, would be proposed with 250 feet of storage. Both right turn lanes will be signalized, and their storage length would capture the entire queue for the AM and PM peak hours in the design year. This proposed improvement would also include moving up the stop bars on all approaches to shorten the path of vehicle need to transcend through the intersection. A truck turn analysis was performed for all improvements to ensure no waiting vehicles would be impacted by opposing turning movements."
0020114,https://www.dot.ga.gov/applications/geopi/Pages/Dashboard.aspx?ProjectId=0020114,2688986.0,Stenley K. Mack,"The proposed alternave would provide addional EB through lane along SR 34. The addional through lane would start as a NB Free Flow Right Turn at Fischer Rd and terminate as a drop right turn lane at Trinity Chrisan School Driveway (about 0.5 mi). The alternave would also provide signalized dual NBR and extend WBL by 400¿ at the intersecon of SR 34 at SR 54. Addional works like earth work, signal cabinet and signal strain pole relocaon and ulity relocaon needs to be done for dual NBR construcon. To accommodate the addional through space 2 4 FT concrete medians would be proposed along SR 34. There would also be impacts to the sidewalk, pedestrian islands, and drainage structures that will be modi¿ed. Addional EB through lane would widen both inside and outside along SR 34 and that C &G & sidewalk would need to be rebuilt."
0020125,https://www.dot.ga.gov/applications/geopi/Pages/Dashboard.aspx?ProjectId=0020125,3980000.0,Lakisha Carter,"The single-lane roundabout proposes to increase the conspicuity of the intersection through the installation of a landscaped central island, raised splitter islands, lighting, and advanced signage. With raised islands features, the roundabout is also expected to reduce sideswipe -same direction crashes. The roundabout would help control speed on all intersection approaches as the entry/exit lanes are designed to have a maximum speed of 25 mph. The increased visibility and low speed that this alternative offer would mitigate the documented fatal and serious injuries compared to existing intersection configuration."
0020135,https://www.dot.ga.gov/applications/geopi/Pages/Dashboard.aspx?ProjectId=0020135,2715000.0,Julian Ivey,This project proposes to install RCUTs in multiple locations along SR 3/US 19 from Minter Road to Crestview Baptist Church in Spalding County.
0020137,https://www.dot.ga.gov/applications/geopi/Pages/Dashboard.aspx?ProjectId=0020137,6575000.0,Justin Banks,"Bridge Replacement - LOVVORN MILL ROAD at BIG INDIAN CREEK, @ NORTH BOWDON CITY LIMIT"
0020154,https://www.dot.ga.gov/applications/geopi/Pages/Dashboard.aspx?ProjectId=0020154,7325000.0,Justin Banks,Bridge replacement - at SR 8 at Little Tallapoosa River (In-House Bridge Design)
0020155,https://www.dot.ga.gov/applications/geopi/Pages/Dashboard.aspx?ProjectId=0020155,13050000.0,Lawrence Brown,
0020156,https://www.dot.ga.gov/applications/geopi/Pages/Dashboard.aspx?ProjectId=0020156,7275000.0,Lawrence Brown,
0020157,https://www.dot.ga.gov/applications/geopi/Pages/Dashboard.aspx?ProjectId=0020157,8400000.0,Justin Banks,This project will replace an existing bridge along SR 166 over Bear Creek in Douglas County.
0020162,https://www.dot.ga.gov/applications/geopi/Pages/Dashboard.aspx?ProjectId=0020162,12700000.0,Lawrence Brown,
0020163,https://www.dot.ga.gov/applications/geopi/Pages/Dashboard.aspx?ProjectId=0020163,8500000.0,Lawrence Brown,
0020165,https://www.dot.ga.gov/applications/geopi/Pages/Dashboard.aspx?ProjectId=0020165,1900000.0,Micheal Abebe,"Bridge Replacement of Stone Mountain Road at Walker Creek. This bridge is deficient and requires posting due to insufficient load carrying capacity, as encasements have scour/undermining; piles and anchor bolts show corrosion and deterioration; deck exhibits spalls, cracking, exposed rebar."
0020268,https://www.dot.ga.gov/applications/geopi/Pages/Dashboard.aspx?ProjectId=0020268,5321000.0,Ethan Mobley,"This project prepares to increase capacity for the existing truck parking facilities within the I-20 EB, Tallapoosa Visitor Center."
0020279,https://www.dot.ga.gov/applications/geopi/Pages/Dashboard.aspx?ProjectId=0020279,1800000.0,Michael Carter,"Bridge Replacement of Corinth Road at New River. This bridge is deficient and requires posting due to insufficient load carrying capacity, as substructure concrete abutments have cracking/spalling and piles exhibiting corrosion; super beams showing corrosion; concrete deck with longitudinal and transverse cracking and abrasion visible; approach curbs spalled with exposed rebar"
0020280,https://www.dot.ga.gov/applications/geopi/Pages/Dashboard.aspx?ProjectId=0020280,1800000.0,Michael Carter,"Bridge Replacement of Keith Road at Beech Creek. This bridge is deficient and requires posting due to insufficient load carrying capacity, as sub timber abutments and piles with helper bents exhibit scour and checking; super beams with lateral bracing showing corrosion/pitting and section loss; corrugated deck with asphalt overlay exhibiting corrosion and extensive cracking/spalling; approach roadways have settled and eroded."
0020291,https://www.dot.ga.gov/applications/geopi/Pages/Dashboard.aspx?ProjectId=0020291,2400000.0,Ivie Goorsky,"This project proposes a single-lane roundabout at the intersection of SR 1/US 27 and SR 18, north of Pine Mountain."
0020293,https://www.dot.ga.gov/applications/geopi/Pages/Dashboard.aspx?ProjectId=0020293,1400000.0,Darrius Lee,The proposed project will make improvements at the northbound on ramp and southbound off ramp and signals at the intersection of I-85 and SR 109.
0020679,https://www.dot.ga.gov/applications/geopi/Pages/Dashboard.aspx?ProjectId=0020679,525000.0,Jeremy Roscoe Thompson,
0020932,https://www.dot.ga.gov/applications/geopi/Pages/Dashboard.aspx?ProjectId=0020932,3539000.0,Stenley K. Mack,
0021158,https://www.dot.ga.gov/applications/geopi/Pages/Dashboard.aspx?ProjectId=0021158,4000000.0,Emily Tjung,"2/5/25: Project in the City of Griffin along US41/SR155/Zebulon Road. The begin point is Pineywood Road and ending at Crescent Road. The posted speed limit is 45 MPH with an assumed 80 foot ROW. The approximately project length is 1 mile. Proposed construction includes a pedestrian bridge over Ison Branch creek, 5¿ sidewalk, curb and gutter, and drainage improvements. A National Guard facility and airport are within the project limits. No construction is anticipated within the Runway Protection Zone. ENV: CE assumed ROW: 5 +/- parcels anticipated UTL: Minor utility relocations assumed RR: N/A Other: Airport within 5 miles"
0021183,https://www.dot.ga.gov/applications/geopi/Pages/Dashboard.aspx?ProjectId=0021183,3872200.0,Stenley K. Mack,The proposed improvement would convert the unsignalized intersection into a mini roundabout. The proposed roundabout would have an inscribed diameter of 90 feet with a 20 foot circulating lane. No bypass lanes are proposed for the roundabout to maintain within the existing intersection footprint. The center island will be traversable to allow heavy vehicles larger than SU-40 to cross through the intersection. ADA ramps will be provided on each approach to facilitate safe pedestrian crossing. The proposed roundabout is expected to immensely improve both operations and crash rates at the intersection.
312042-,https://www.dot.ga.gov/applications/geopi/Pages/Dashboard.aspx?ProjectId=312042-,0.0,W. J. Rountree,
321713-,https://www.dot.ga.gov/applications/geopi/Pages/Dashboard.aspx?ProjectId=321713-,16725129.41,Albert V. Shelby III,
321880-,https://www.dot.ga.gov/applications/geopi/Pages/Dashboard.aspx?ProjectId=321880-,19249251.02,Derrick Cameron,This project proposes the replacement of the CSX Railroad Bridge over SR 41 west of Warm Springs. A temporary railroad detour with a 50' long temporary bridge will be constructed south of the existing railroad track. The purpose of this is that the railroad is considered an historic resource. A programmatic section 4f for historic bridges is available for use. The new bridge of like kind will be built in the original location and the railroad will be shifted back to its original location. This will avoid a 4f situation. The proposed typical is a two lane rural section with 100' right of way. A design speed of 45 mph will be used along with 2:1 slopes and V-gutter to minimize environmental impacts and reduce construction cost.
322250-,https://www.dot.ga.gov/applications/geopi/Pages/Dashboard.aspx?ProjectId=322250-,50354671.36,Joo Kim,"This 1.42 mile project located in the city of LaGrange, Troup County consists of widening a two-lane roadway to four lanes with a 20-foot raised median and urban shoulders. It begins at the intersection of SR 1/US 27/Hamilton Road and Auburn Street (MP 14.80), and extends northerly to the intersection of SR 1/US 27/Hamilton Road and US 219/Whitesville Street/Morgan Street (MP 16.22). Extending from Auburn Street to SR 219, the project would complete the last link in the multilaning of the heavily traveled SR 1/US 27 corridor from I-85 south of LaGrange to near Waugh Road north of LaGrange. The corridor provides a much needed north-south multilane facility through a growing urban area."
331680-,https://www.dot.ga.gov/applications/geopi/Pages/Dashboard.aspx?ProjectId=331680-,3776269.85,Albert V. Shelby III,
331690-,https://www.dot.ga.gov/applications/geopi/Pages/Dashboard.aspx?ProjectId=331690-,620000.0,Ben Rabun,
331710-,https://www.dot.ga.gov/applications/geopi/Pages/Dashboard.aspx?ProjectId=331710-,4653222.65,Albert V. Shelby III,
331720-,https://www.dot.ga.gov/applications/geopi/Pages/Dashboard.aspx?ProjectId=331720-,3601975.61,Albert V. Shelby III,
331900-,https://www.dot.ga.gov/applications/geopi/Pages/Dashboard.aspx?ProjectId=331900-,1673172.67,Sumit Gevaria,"This bridge (Structure ID 255-0036-0; CR 222/CR 954/County Line Road over Potato Creek) was built in 1956 and is listed in fair condition. The bridge consists of three spans of seven reinforced concrete beams on concrete caps with timber piles. The bridge was designed using a H-15 vehicle which is below current standards. There is transverse cracking over the deck joints and the bottom of the deck. There is erosion under the cap at abutment 1 exposing one timber pile. There is minor settlement under the abutment 4 cap and vertical cracking is present in the caps. Checks are present on all the timber piles. There is minor erosion at both banks around the structure. Due to the age and condition of the bridge, replacement is necessary."
332180-,https://www.dot.ga.gov/applications/geopi/Pages/Dashboard.aspx?ProjectId=332180-,10540366.7,Michael Vincent Hamilton,This project proposes to improve the operational efficiency of the existing intersection of SR 16 and SR 54 while reducing the frequency and severity of crashes at this intersection. The project will replace the existing mini roundabout intersection of SR 16 and SR 54 with a modern roundabout. The existing bridge over the Norfolk Southern Railroad north of the intersection will be replaced with a wider structure to accommodate the approaches of the roundabout.
342860-,https://www.dot.ga.gov/applications/geopi/Pages/Dashboard.aspx?ProjectId=342860-,3957891.29,Albert V. Shelby III,
342880-,https://www.dot.ga.gov/applications/geopi/Pages/Dashboard.aspx?ProjectId=342880-,6825000.0,Leandrea Holiday,"Project replaces an existing bridge, CR 22/Hannah Mill Road at Potato Creek in Thomaston Georgia."
342897-,https://www.dot.ga.gov/applications/geopi/Pages/Dashboard.aspx?ProjectId=342897-,0.0,Steve Henry,
370821-,https://www.dot.ga.gov/applications/geopi/Pages/Dashboard.aspx?ProjectId=370821-,3720618.16,Albert V. Shelby III,
370830-,https://www.dot.ga.gov/applications/geopi/Pages/Dashboard.aspx?ProjectId=370830-,6127794.92,Albert V. Shelby III,
370833-,https://www.dot.ga.gov/applications/geopi/Pages/Dashboard.aspx?ProjectId=370833-,3757768.06,Albert V. Shelby III,
370835-,https://www.dot.ga.gov/applications/geopi/Pages/Dashboard.aspx?ProjectId=370835-,5661373.5600000005,Albert V. Shelby III,
370836-,https://www.dot.ga.gov/applications/geopi/Pages/Dashboard.aspx?ProjectId=370836-,3695680.66,Albert V. Shelby III,
370851-,https://www.dot.ga.gov/applications/geopi/Pages/Dashboard.aspx?ProjectId=370851-,3454546.32,Albert V. Shelby III,
370852-,https://www.dot.ga.gov/applications/geopi/Pages/Dashboard.aspx?ProjectId=370852-,3454546.32,Albert V. Shelby III,
370880-,https://www.dot.ga.gov/applications/geopi/Pages/Dashboard.aspx?ProjectId=370880-,4234027.29,Albert V. Shelby III,
370881-,https://www.dot.ga.gov/applications/geopi/Pages/Dashboard.aspx?ProjectId=370881-,5996469.369999999,Albert V. Shelby III,
370882-,https://www.dot.ga.gov/applications/geopi/Pages/Dashboard.aspx?ProjectId=370882-,4912530.33,Albert V. Shelby III,
370883-,https://www.dot.ga.gov/applications/geopi/Pages/Dashboard.aspx?ProjectId=370883-,3885126.29,Albert V. Shelby III,
370885-,https://www.dot.ga.gov/applications/geopi/Pages/Dashboard.aspx?ProjectId=370885-,4227593.97,Albert V. Shelby III,
370886-,https://www.dot.ga.gov/applications/geopi/Pages/Dashboard.aspx?ProjectId=370886-,3957891.29,Albert V. Shelby III,
370900-,https://www.dot.ga.gov/applications/geopi/Pages/Dashboard.aspx?ProjectId=370900-,3495796.32,Albert V. Shelby III,
370904-,https://www.dot.ga.gov/applications/geopi/Pages/Dashboard.aspx?ProjectId=370904-,3650104.56,Albert V. Shelby III,
370905-,https://www.dot.ga.gov/applications/geopi/Pages/Dashboard.aspx?ProjectId=370905-,3617272.56,Albert V. Shelby III,
371050-,https://www.dot.ga.gov/applications/geopi/Pages/Dashboard.aspx?ProjectId=371050-,5738208.2700000005,Albert V. Shelby III,
371070-,https://www.dot.ga.gov/applications/geopi/Pages/Dashboard.aspx?ProjectId=371070-,2350000.0,Raquel Mcmillan,"Bridge Replacement of Adams Road at Big Branch. This bridge is deficient and requires posting due to insufficient load carrying capacity, as sub timber caps exhibit rot on ends and remaining timber piles show checks. Steel pile replacements have moderate rust and corrosion. Super beams exhibit section loss on ends with corrosion and pitting. Corrugated metal deck with asphalt shows extensive cracking/spalling."
371071-,https://www.dot.ga.gov/applications/geopi/Pages/Dashboard.aspx?ProjectId=371071-,4066637.76,Albert V. Shelby III,
371075-,https://www.dot.ga.gov/applications/geopi/Pages/Dashboard.aspx?ProjectId=371075-,4105265.3200000003,Albert V. Shelby III,
371077-,https://www.dot.ga.gov/applications/geopi/Pages/Dashboard.aspx?ProjectId=371077-,2350000.0,Joshua Harris,"Bridge Replacement of Mountville-Hogansville Road at Beech Creek. This bridge is deficient and requires posting due to insufficient load carrying capacity, as major scour occurred in 2023. Sub abutments exhibit scour/undermining with deteriorated bents and undermined footings; super with embedded beams showing corrosion/pitting; Concrete deck with asphalt overlay exhibiting cracking/spalling."
371079-,https://www.dot.ga.gov/applications/geopi/Pages/Dashboard.aspx?ProjectId=371079-,3658852.56,Albert V. Shelby III,
371090-,https://www.dot.ga.gov/applications/geopi/Pages/Dashboard.aspx?ProjectId=371090-,4729954.27,Kiana Byrd,"Bridge Replacement of MANLEY ROAD at HEADS CREEK TRIB, 3 MI N OF GRIFFIN."
371091-,https://www.dot.ga.gov/applications/geopi/Pages/Dashboard.aspx?ProjectId=371091-,6349602.55,Albert V. Shelby III,
371092-,https://www.dot.ga.gov/applications/geopi/Pages/Dashboard.aspx?ProjectId=371092-,3616052.61,Albert V. Shelby III,
371093-,https://www.dot.ga.gov/applications/geopi/Pages/Dashboard.aspx?ProjectId=371093-,3616052.61,Albert V. Shelby III,
371095-,https://www.dot.ga.gov/applications/geopi/Pages/Dashboard.aspx?ProjectId=371095-,3596372.61,Albert V. Shelby III,
371096-,https://www.dot.ga.gov/applications/geopi/Pages/Dashboard.aspx?ProjectId=371096-,4996927.33,Albert V. Shelby III,
371171-,https://www.dot.ga.gov/applications/geopi/Pages/Dashboard.aspx?ProjectId=371171-,3468806.68,Albert V. Shelby III,
390615-,https://www.dot.ga.gov/applications/geopi/Pages/Dashboard.aspx?ProjectId=390615-,0.0,Steve Henry,
631490-,https://www.dot.ga.gov/applications/geopi/Pages/Dashboard.aspx?ProjectId=631490-,38392338.85,Ruth Solomon-Roberson,"The proposed project begins 2500 feet south of the intersection of Industrial Boulevard and Rockmart Road and proceeds along Industrial Boulevard (SR101). The project includes improvements to the intersection of Industrial Boulevard and Rockmart Road adding left turn lanes to all approaches and dual left turn lanes to the eastbound approach, which requires adding a second lane northbound on Rockmart Road. The project also includes improvements to Dallas Highway, adding left and right turn lanes to its intersection with the proposed Villa Rica Bypass."
721440-,https://www.dot.ga.gov/applications/geopi/Pages/Dashboard.aspx?ProjectId=721440-,71121408.7,Eka Okonmkpaeto,"SR 54 will be widened from 2 to 4 lanes from just north of McDonough Road in Fayette County to US 19/41 in Clayton County. Three existing bridges will be widened. A raised median, sidewalks, and bike lanes will be included. Existing traffic signals will be upgraded as well as their communication systems."
742870-,https://www.dot.ga.gov/applications/geopi/Pages/Dashboard.aspx?ProjectId=742870-,77769972.85,Albert V. Shelby III,"SR920/McDonough Rd from SR54 in Fayette Co to US19/SR3/Tara Blvd in Clayton Co, including bridge replacements at Hurricane Creek and Flint River. Proposed typical is 4-lane, 20' raised median, with curb and gutter and sidewalk."
770975-,https://www.dot.ga.gov/applications/geopi/Pages/Dashboard.aspx?ProjectId=770975-,0.0,Mike Malcom,
M003688,https://www.dot.ga.gov/applications/geopi/Pages/Dashboard.aspx?ProjectId=M003688,15975000.0,Arthur Mckinley Wilson II,
M004517,https://www.dot.ga.gov/applications/geopi/Pages/Dashboard.aspx?ProjectId=M004517,6943886.0,Stenley K. Mack,
M004521,https://www.dot.ga.gov/applications/geopi/Pages/Dashboard.aspx?ProjectId=M004521,3831907.0,Stenley K. Mack,
M004945,https://www.dot.ga.gov/applications/geopi/Pages/Dashboard.aspx?ProjectId=M004945,426771.0,Arthur Mckinley Wilson II,
M004984,https://www.dot.ga.gov/applications/geopi/Pages/Dashboard.aspx?ProjectId=M004984,847709.0,Arthur Mckinley Wilson II,
M005002,https://www.dot.ga.gov/applications/geopi/Pages/Dashboard.aspx?ProjectId=M005002,1812830.91,N/A,N/A
M005022,https://www.dot.ga.gov/applications/geopi/Pages/Dashboard.aspx?ProjectId=M005022,22500000.0,Joo Kim,This project is the resurfacing of S.R. 85 because the existing pavement is deteriorating and COPACES ratings are low.
M005024,https://www.dot.ga.gov/applications/geopi/Pages/Dashboard.aspx?ProjectId=M005024,4460840.0,Arthur Mckinley Wilson II,
M005025,https://www.dot.ga.gov/applications/geopi/Pages/Dashboard.aspx?ProjectId=M005025,392861.0,Arthur Mckinley Wilson II,
M005062,https://www.dot.ga.gov/applications/geopi/Pages/Dashboard.aspx?ProjectId=M005062,42134.0,Arthur Mckinley Wilson II,
M005093,https://www.dot.ga.gov/applications/geopi/Pages/Dashboard.aspx?ProjectId=M005093,390704.0,Arthur Mckinley Wilson II,
M005260,https://www.dot.ga.gov/applications/geopi/Pages/Dashboard.aspx?ProjectId=M005260,17780.0,Arthur Mckinley Wilson II,
M005283,https://www.dot.ga.gov/applications/geopi/Pages/Dashboard.aspx?ProjectId=M005283,4478385.65,Kevin Matthew Bailey,"This project, selected by the District Maintenance Office, is the resurfacing of SR 109 to improve the roadways current low OCI score. Last Resurfaced - No information in GeoPi."
M005291,https://www.dot.ga.gov/applications/geopi/Pages/Dashboard.aspx?ProjectId=M005291,911775.0,Kevin Matthew Bailey,
M005570,https://www.dot.ga.gov/applications/geopi/Pages/Dashboard.aspx?ProjectId=M005570,8100979.88,Rabindra Koirala,"The work involves Bridge Rehabilitation ¿ Bridge Jacking, deck preservation, cap strengthening and painting of steel beams at the folliwng six (6) locations: 1.South Vanwert Road ( CR 1374) over I-20 (SR402), Structure ID 045-0054-0, Carroll County 2.Pleasant Ridge Road (CR 261) over I-20 (SR 402), Structure ID 045-0088-0, Carroll County 3.Pleasant Grove Road (CR 830) over I-20 (SR 402), Structure ID 045-0073-0, Carroll County 4.Bar J Road (CS 778) over I-20 (SR 402), Structure ID 045-0053-0, Carroll County 5.Levans Road (CR 291) over I-20 (SR 402), Structure ID 045-0051-0, Carroll County 6.Miller Academy Road (CR 244) over I-20 (SR 402), Structure ID 045-0050-0, Carroll County"
M005821,https://www.dot.ga.gov/applications/geopi/Pages/Dashboard.aspx?ProjectId=M005821,1878000.0,Arthur Mckinley Wilson II,
M006030,https://www.dot.ga.gov/applications/geopi/Pages/Dashboard.aspx?ProjectId=M006030,3110466.23,Rabindra Koirala,"Bridge Preservation involving painting bridges, application of a co-polymer overlay on the bridge decks and joint replacements on 11 bridges along I-185 in Muscogee County."
M006051,https://www.dot.ga.gov/applications/geopi/Pages/Dashboard.aspx?ProjectId=M006051,14376561.19,Arthur Mckinley Wilson II,"This project, selected by the State Maintenance Office, is the concrete rehabilation of SR 403 (I-85) to improve the current paces rating."
M006056,https://www.dot.ga.gov/applications/geopi/Pages/Dashboard.aspx?ProjectId=M006056,1768165.0499999998,Rabindra Koirala,Project involves Bridge Preservation using a co-polymer overlay and joint replacements on 17 State Route bridges in Troup County.
M006060,https://www.dot.ga.gov/applications/geopi/Pages/Dashboard.aspx?ProjectId=M006060,9809992.93,Kevin Matthew Bailey,"This project, selected by the State Maintenance Office, is the concrete rehabilitation of SR 411 (I-185) to improve the current OCI rating."
M006064,https://www.dot.ga.gov/applications/geopi/Pages/Dashboard.aspx?ProjectId=M006064,1960126.72,Kevin Matthew Bailey,"This project, selected by the State Maintenance Office, is the restriping of SR 402 (I-20) to improve the roadways current striping reflectivity."
M006068,https://www.dot.ga.gov/applications/geopi/Pages/Dashboard.aspx?ProjectId=M006068,8382454.6,Kevin Matthew Bailey,"This project, selected by the State Maintenance Office, is the restriping of SR 403 (I-85) to improve the roadways current striping reflectivity."
M006072,https://www.dot.ga.gov/applications/geopi/Pages/Dashboard.aspx?ProjectId=M006072,783000.0,Kevin Matthew Bailey,"This project, selected by the State Maintenance Office, is the restriping of SR 411 (I-185) to improve the roadways current striping reflectivity."
M006097,https://www.dot.ga.gov/applications/geopi/Pages/Dashboard.aspx?ProjectId=M006097,7855566.84,Arthur Mckinley Wilson II,"This project, selected by the District Maintenance Office, is the resurfacing of SR 34 to improve the roadways current low PACES rating."
M006100,https://www.dot.ga.gov/applications/geopi/Pages/Dashboard.aspx?ProjectId=M006100,8016956.25,Kevin Matthew Bailey,"This project, selected by the District Maintenance Office, is the resurfacing at SR 1/US 27 to improve the roadways current low PACES rating."
M006104,https://www.dot.ga.gov/applications/geopi/Pages/Dashboard.aspx?ProjectId=M006104,3392833.44,Kevin Matthew Bailey,"This project, selected by the District Maintenance Office, is the resurfacing of SR 219 to improve the roadways current OCI score."
M006163,https://www.dot.ga.gov/applications/geopi/Pages/Dashboard.aspx?ProjectId=M006163,1437704.21,Rabindra Koirala,"The work involves Bridge rehab¿ Work will consist of armoring bents from scouring , applying a polymer overlay to the bridge decks, replacing joints and painting of the steel beams. The bridge work will be performed on two bridges on I-185 over the Mulberry Creek in Harris County. Locations: 1.I-475 NB over Tobesofkee Creek, 2.I-475 SB over Tobesofkee Creek."
M006206,https://www.dot.ga.gov/applications/geopi/Pages/Dashboard.aspx?ProjectId=M006206,1067000.0,Binita Patel,The work involves Bridge Preservation ¿ Applying a polymer overlay and replacing joints on nine (9) locations Meriwether & Muscogee Counties.
M006249,https://www.dot.ga.gov/applications/geopi/Pages/Dashboard.aspx?ProjectId=M006249,3853739.36,Kevin Matthew Bailey,"This project, selected by the District Maintenance Office, is the resurfacing of SR 34 BYP to improve the roadways current low PACES rating."
M006250,https://www.dot.ga.gov/applications/geopi/Pages/Dashboard.aspx?ProjectId=M006250,7240620.7,Kevin Matthew Bailey,"This project, selected by the District Maintenance Office, is the resurfacing of SR 14 to improve the roadways current low PACES rating."
M006251,https://www.dot.ga.gov/applications/geopi/Pages/Dashboard.aspx?ProjectId=M006251,8346968.6,Kevin Matthew Bailey,"This project, selected by the District Maintenance Office, is the resurfacing of SR 3 /US 19 to improve the roadways current OCI score."
M006265,https://www.dot.ga.gov/applications/geopi/Pages/Dashboard.aspx?ProjectId=M006265,1035770.0,Binita Patel,"This work involves Bridge Rehabilitation¿The work will consist of the following: overlay of the bridge deck, joint replacement, patching spalls, epoxy injection of cracks, and painting beams. Locations: 1.SR 219 over Yellow Jacket Creek,Troup County 2.SR 219 over West Point Lake, Troup County"
M006316,https://www.dot.ga.gov/applications/geopi/Pages/Dashboard.aspx?ProjectId=M006316,1675502.93,Rabindra Koirala,"The work involves Bridge Preservation¿painting of the steel beams and replacement of bridge joints. I-185 @ 4 LOCS IN MUSCOGEE COUNTY - BRIDGE PRESERVATION. 1. US 27 / SR 1 over I-185, Structure ID 215-0008-0, Muscogee County 2. I-185 over M-8050 (AIRPORT THRUWAY), Structure ID 215-0072-0, Muscogee County 3. I-185 NB over M-8060 (WHITTLESEY ROAD), Structure ID 215-0076-0, Muscogee County 4. I-185 SB over M-8060 (WHITTLESEY ROAD), Structure ID 215-0077-0, Muscogee County"
M006332,https://www.dot.ga.gov/applications/geopi/Pages/Dashboard.aspx?ProjectId=M006332,3076272.8,Kevin Matthew Bailey,"This project, selected by the District Maintenance Office, is the resurfacing of SR 8 to improve the roadways current low PACES rating."
M006341,https://www.dot.ga.gov/applications/geopi/Pages/Dashboard.aspx?ProjectId=M006341,15241611.59,Kevin Matthew Bailey,"This project, selected by the District Maintenance Office, is the resurfacing of SR 1/US 27 to improve the roadways current low PACES rating."
M006343,https://www.dot.ga.gov/applications/geopi/Pages/Dashboard.aspx?ProjectId=M006343,686067.32,Kevin Matthew Bailey,"This project, selected by the District Maintenance Office, is the resurfacing of SR 16 to improve the roadways current low PACES rating."
M006344,https://www.dot.ga.gov/applications/geopi/Pages/Dashboard.aspx?ProjectId=M006344,2395000.0,Binita Patel,"This work includes painting of the steel beams and replacement of bridge joints. On I-85 @ 8 LOCS IN COWETA & TROUP COUNTY - BRIDGE PRESERVATION Location: 1.I-85 NBL & SBL over SR 14 - CSX RAILROAD,Coweta 2.I-85 (NBL) over CR 201 BETHLEHEM CH RD,Coweta 3.I-85 over SR 14 (US 27 ALT.),Coweta 4.I-85 NBL & SBL over CR 122 TURKEY CRK ROAD,Coweta 5.I-85 (NBL) over SR 1 (US 27),Troup 6.I-85 (SBL) over SR 1 (US 27),Troup 7.I-85 (NBL) over SR 109,Troup 8.I-85 (SBL) over SR 109,Troup"
M006351,https://www.dot.ga.gov/applications/geopi/Pages/Dashboard.aspx?ProjectId=M006351,20067745.53,Kevin Matthew Bailey,"This project, selected by the District Maintenance Office, is the resurfacing of SR 85 to improve the roadways current low PACES rating."
M006353,https://www.dot.ga.gov/applications/geopi/Pages/Dashboard.aspx?ProjectId=M006353,6125884.88,Kevin Matthew Bailey,"This project, selected by the District Maintenance Office, is the resurfacing of SR 1/US 27 to improve the roadways current low PACES rating."
M006357,https://www.dot.ga.gov/applications/geopi/Pages/Dashboard.aspx?ProjectId=M006357,2040000.0,Binita Patel,"The work involves Bridge Preservation - Painting of the steel beams, replacement of bridge joints and apply polymer overlay. I-185 @ 9 LOCS IN HARRIS & MUSCOGEE CO - BRIDGE PRESERVATION."
M006388,https://www.dot.ga.gov/applications/geopi/Pages/Dashboard.aspx?ProjectId=M006388,1400000.0,Binita Patel,"The work involves Bridge Preservation ¿ Applying a polymer overlay, painting of the superstructure steel and replacing joints. SR 3; SR 7 & SR 137 @ 7 LOCS IN DIST 3 - BRIDGE PRESERVATION. Locations: 1. US 341 (SBL) over NS RAILROAD,Lamar 2. US 341 (NBL) over NS RAILROAD,Lamar 3. US 19, SR 3 NBL over M-2508 W POPLAR STREET, Spalding 4. US 19, SR 3 SBL over M-2508 W POPLAR STREET, Spalding 5. SR 137 over PATSILIGA CREEK, Taylor 6. US 19 NBL/SR 3 over TOBLER CREEK, Upson 7. US 19 SBL/SR 3 over TOBLER CREEK, Upson"
M006440,https://www.dot.ga.gov/applications/geopi/Pages/Dashboard.aspx?ProjectId=M006440,13686922.59,Kevin Matthew Bailey,"This project, selected by the State Maintenance Office, is the asphalt resurfacing of SR 411 (I-185) to improve the current OCI rating."
M006441,https://www.dot.ga.gov/applications/geopi/Pages/Dashboard.aspx?ProjectId=M006441,13663102.24,Kevin Matthew Bailey,"This project, selected by the State Maintenance Office, is the asphalt resurfacing of SR 411 (I-185) to improve the current OCI rating."
M006442,https://www.dot.ga.gov/applications/geopi/Pages/Dashboard.aspx?ProjectId=M006442,12639911.44,Kevin Matthew Bailey,"This project, selected by the State Maintenance Office, is the asphalt resurfacing of SR 411 (I-185) to improve the current OCI rating."
M006443,https://www.dot.ga.gov/applications/geopi/Pages/Dashboard.aspx?ProjectId=M006443,12809254.91,Kevin Matthew Bailey,"This project, selected by the State Maintenance Office, is the asphalt resurfacing of SR 411 (I-185) to improve the current OCI rating."
M006444,https://www.dot.ga.gov/applications/geopi/Pages/Dashboard.aspx?ProjectId=M006444,4289482.44,Kevin Matthew Bailey,
M006450,https://www.dot.ga.gov/applications/geopi/Pages/Dashboard.aspx?ProjectId=M006450,4013453.82,Kevin Matthew Bailey,"This project, selected by the District Maintenance Office, is the resurfacing of I-85 to improve the roadways current low PACES rating."
M006463,https://www.dot.ga.gov/applications/geopi/Pages/Dashboard.aspx?ProjectId=M006463,426483.09,Kevin Matthew Bailey,"This project, selected by the District Maintenance Office, is the resurfacing of SR 61 to improve the roadways current low PACES rating."
M006466,https://www.dot.ga.gov/applications/geopi/Pages/Dashboard.aspx?ProjectId=M006466,774327.08,Kevin Matthew Bailey,"This project, selected by the District Maintenance Office, is the resurfacing of SR 5 to improve the roadways current low PACES rating."
M006488,https://www.dot.ga.gov/applications/geopi/Pages/Dashboard.aspx?ProjectId=M006488,4356200.0,Binita Patel,"The work includes but is not limited to replacement of the deck, approach slabs, joints, edge beams, barriers, end posts and guardrail."
M006493,https://www.dot.ga.gov/applications/geopi/Pages/Dashboard.aspx?ProjectId=M006493,6093304.96,Kevin Matthew Bailey,"This project, selected by the District Maintenance Office, is the resurfacing of KIA Blvd to improve the roadways current low PACES rating."
M006499,https://www.dot.ga.gov/applications/geopi/Pages/Dashboard.aspx?ProjectId=M006499,10832322.72,Kevin Matthew Bailey,"This project, selected by the District Maintenance Office, is the resurfacing of SR 20 to improve the roadways current low OCI score."
M006515,https://www.dot.ga.gov/applications/geopi/Pages/Dashboard.aspx?ProjectId=M006515,2100000.0,Binita Patel,"The work involves Bridge Preservation ¿ Striping on the deck, Painting of the steel beams and replacement of bridge joints. 1. Structure ID: 145-0036-0, I-85 (NBL) over Chattahoochee River, Harris County 2. Structure ID: 145-0037-0, I-85 (SBL) over Chattahoochee River, Harris County"
M006532,https://www.dot.ga.gov/applications/geopi/Pages/Dashboard.aspx?ProjectId=M006532,2012500.0,Binita Patel,"The work involves Bridge Preservation ¿ Applying Polymer Overlay, Paint Superstructure & Substructure, and replacement of bridge joints. 1.Structure ID - 077-0004-0, US 27 ALT. over WAHOO CREEK, Coweta County 2.Structure ID - 077-0013-0, SR 34 over CSX RAILROAD (50425A), Coweta County 3.Structure ID - 077-0024-0, SR 70 over CEDAR CREEK, Coweta County 4.Structure ID - 113-0032-0, SR 54 over FLAT CREEK, Fayette County 5.Structure ID - 113-5050-0, SR 314 over MORNING CREEK, Fayette County 6.Structure ID - 285-0040-0, SR 219 over WILDCAT CREEK, Troup County"
M006554,https://www.dot.ga.gov/applications/geopi/Pages/Dashboard.aspx?ProjectId=M006554,0.0,Kevin Matthew Bailey,"This project, selected by the District Maintenance Office, is the resurfacing of SR 5 to improve the roadways current low OCI score."
M006566,https://www.dot.ga.gov/applications/geopi/Pages/Dashboard.aspx?ProjectId=M006566,487860.0,Kevin Matthew Bailey,
M006567,https://www.dot.ga.gov/applications/geopi/Pages/Dashboard.aspx?ProjectId=M006567,29360677.12,Kevin Matthew Bailey,"This project, selected by the District Maintenance Office, is the resurfacing of SR 402 to improve the roadways current low OCI score. Last Resurfaced - 2014."
M006583,https://www.dot.ga.gov/applications/geopi/Pages/Dashboard.aspx?ProjectId=M006583,3592329.47,Kevin Matthew Bailey,
M006602,https://www.dot.ga.gov/applications/geopi/Pages/Dashboard.aspx?ProjectId=M006602,1500000.0,Binita Patel,"The work involves Bridge Rehabilitation ¿ Applying Polymer Overlay, replacement of bridge joints, pile encasement/extension, superstructure spall repair, epoxy injection of cracks in the superstructure, and vegetation removal. 1. Structure ID ¿ 077-0089-0, SR 16 over WHITE OAK CREEK, Coweta County 2. Structure ID ¿ 285-0042-0, SR 219 over MUD CREEK, Troup County"
M006605,https://www.dot.ga.gov/applications/geopi/Pages/Dashboard.aspx?ProjectId=M006605,2300000.0,Kevin Matthew Bailey,
M006620,https://www.dot.ga.gov/applications/geopi/Pages/Dashboard.aspx?ProjectId=M006620,5652840.38,Kevin Matthew Bailey,
M006623,https://www.dot.ga.gov/applications/geopi/Pages/Dashboard.aspx?ProjectId=M006623,3872207.87,Kevin Matthew Bailey,
M006666,https://www.dot.ga.gov/applications/geopi/Pages/Dashboard.aspx?ProjectId=M006666,4309392.63,Kevin Matthew Bailey,
M006668,https://www.dot.ga.gov/applications/geopi/Pages/Dashboard.aspx?ProjectId=M006668,5078840.71,Kevin Matthew Bailey,
M006702,https://www.dot.ga.gov/applications/geopi/Pages/Dashboard.aspx?ProjectId=M006702,1743127.86,Kevin Matthew Bailey,
